HIERARCHY
ROOT Hips
{
	OFFSET 0.000000 0.220767 0.000000
	CHANNELS 6 Xposition Yposition Zposition Zrotation Yrotation Xrotation 
	JOINT Bip01_Spine
	{
		OFFSET -0.001079 0.058795 0.012063
		CHANNELS 3 Zrotation Yrotation Xrotation
		JOINT Bip01_Pelvis
		{
			OFFSET 0.001176 0.002639 -0.013141
			CHANNELS 3 Zrotation Yrotation Xrotation
			JOINT Bip01_Tail
			{
				OFFSET 0.033393 -0.000001 -0.373196
				CHANNELS 3 Zrotation Yrotation Xrotation
				JOINT Bip01_Tail1
				{
					OFFSET 0.028925 0.118737 -0.323262
					CHANNELS 3 Zrotation Yrotation Xrotation
					JOINT Bip01_Tail2
					{
						OFFSET 0.014110 0.147763 -0.157689
						CHANNELS 3 Zrotation Yrotation Xrotation
						JOINT Bip01_Tail3
						{
							OFFSET 0.006350 0.219007 -0.070961
							CHANNELS 3 Zrotation Yrotation Xrotation
							JOINT Bip01_Tail4
							{
								OFFSET -0.002116 0.200536 0.023652
								CHANNELS 3 Zrotation Yrotation Xrotation
								JOINT Bip01_Tail5
								{
									OFFSET -0.016930 0.192622 0.189225
									CHANNELS 3 Zrotation Yrotation Xrotation
									JOINT Bip01_Tail6
									{
										OFFSET -0.031276 -0.047494 0.349542
										CHANNELS 3 Zrotation Yrotation Xrotation
										End Site #name: Bip01_TailNub
										{
											OFFSET -0.002354 -0.432737 0.026283
										}
									}
								}
							}
						}
					}
				}
			}
		}
		End Site #name: Bip01_SpineR
		{
			OFFSET -0.079583 -0.010550 0.334166
		}
		End Site #name: Bip01_SpineL
		{
			OFFSET 0.018992 -0.010550 0.342986
		}
		JOINT Bip01_R_Thigh_1
		{
			OFFSET -0.112529 -0.107732 0.124644
			CHANNELS 3 Zrotation Yrotation Xrotation
			JOINT Bip01_R_Thigh1_1
			{
				OFFSET -0.121520 -0.019259 0.002813
				CHANNELS 3 Zrotation Yrotation Xrotation
				JOINT Bip01_R_Calf_1
				{
					OFFSET -0.158346 0.112068 -0.029973
					CHANNELS 3 Zrotation Yrotation Xrotation
					JOINT Bip01_R_Foot_1
					{
						OFFSET -0.122351 -0.100821 0.053425
						CHANNELS 3 Zrotation Yrotation Xrotation
						End Site #name: Bip01_R_FootNub_1
						{
							OFFSET -0.039686 -0.141775 0.087999
						}
					}
				}
			}
		}
		JOINT Bip01_R_Clavicle
		{
			OFFSET -0.122325 -0.086201 0.205233
			CHANNELS 3 Zrotation Yrotation Xrotation
			JOINT Bip01_R_UpperArm
			{
				OFFSET -0.119243 -0.009831 0.107776
				CHANNELS 3 Zrotation Yrotation Xrotation
				JOINT Bip01_R_Forearm
				{
					OFFSET -0.209812 0.103016 -0.034414
					CHANNELS 3 Zrotation Yrotation Xrotation
					JOINT Bip01_R_Hand
					{
						OFFSET -0.065239 -0.034382 0.182545
						CHANNELS 3 Zrotation Yrotation Xrotation
						End Site #name: Bip01_R_Finger0
						{
							OFFSET -0.009292 -0.052120 0.228434
						}
					}
				}
			}
		}
		JOINT Bip01_L_Clavicle
		{
			OFFSET 0.083944 -0.086202 0.223689
			CHANNELS 3 Zrotation Yrotation Xrotation
			JOINT Bip01_L_UpperArm
			{
				OFFSET 0.098271 -0.000001 0.127570
				CHANNELS 3 Zrotation Yrotation Xrotation
				JOINT Bip01_L_Forearm
				{
					OFFSET 0.217359 0.085453 0.035644
					CHANNELS 3 Zrotation Yrotation Xrotation
					JOINT Bip01_L_Hand
					{
						OFFSET 0.028053 -0.005060 0.194804
						CHANNELS 3 Zrotation Yrotation Xrotation
						End Site #name: Bip01_L_Finger0
						{
							OFFSET -0.038757 -0.064929 0.221962
						}
					}
				}
			}
		}
		JOINT Bip01_L_Thigh_4
		{
			OFFSET 0.182356 -0.107732 -0.153545
			CHANNELS 3 Zrotation Yrotation Xrotation
			JOINT Bip01_L_Thigh1_4
			{
				OFFSET 0.081186 -0.002220 -0.138244
				CHANNELS 3 Zrotation Yrotation Xrotation
				JOINT Bip01_L_Calf
				{
					OFFSET 0.071957 0.156636 -0.213102
					CHANNELS 3 Zrotation Yrotation Xrotation
					JOINT Bip01_L_Foot_4
					{
						OFFSET 0.122050 -0.102099 -0.113845
						CHANNELS 3 Zrotation Yrotation Xrotation
						End Site #name: Bip01_L_FootNub_4
						{
							OFFSET 0.080595 -0.172240 -0.052699
						}
					}
				}
			}
		}
		JOINT Bip01_L_Thigh_3
		{
			OFFSET 0.146084 -0.107732 -0.039202
			CHANNELS 3 Zrotation Yrotation Xrotation
			JOINT Bip01_L_Thigh1_3
			{
				OFFSET 0.116425 -0.017403 -0.077441
				CHANNELS 3 Zrotation Yrotation Xrotation
				JOINT Bip01_L_Calf_3
				{
					OFFSET 0.161961 0.138885 -0.152869
					CHANNELS 3 Zrotation Yrotation Xrotation
					JOINT Bip01_L_Foot_3
					{
						OFFSET 0.137729 -0.105097 -0.037457
						CHANNELS 3 Zrotation Yrotation Xrotation
						End Site #name: Bip01_L_FootNub_3
						{
							OFFSET 0.105029 -0.160237 0.007817
						}
					}
				}
			}
		}
		JOINT Bip01_L_Thigh_2
		{
			OFFSET 0.097046 -0.107732 0.048380
			CHANNELS 3 Zrotation Yrotation Xrotation
			JOINT Bip01_L_Thigh1_2
			{
				OFFSET 0.139204 -0.011609 -0.018495
				CHANNELS 3 Zrotation Yrotation Xrotation
				JOINT Bip01_L_Calf_2
				{
					OFFSET 0.182131 0.145356 -0.070983
					CHANNELS 3 Zrotation Yrotation Xrotation
					JOINT Bip01_L_Foot_2
					{
						OFFSET 0.134455 -0.111918 0.027628
						CHANNELS 3 Zrotation Yrotation Xrotation
						End Site #name: Bip01_L_FootNub_2
						{
							OFFSET 0.079511 -0.166396 0.042703
						}
					}
				}
			}
		}
		JOINT Bip01_L_Thigh_1
		{
			OFFSET 0.088612 -0.107733 0.142641
			CHANNELS 3 Zrotation Yrotation Xrotation
			JOINT Bip01_L_Thigh1_1
			{
				OFFSET 0.118450 -0.010281 0.031779
				CHANNELS 3 Zrotation Yrotation Xrotation
				JOINT Bip01_L_Calf_1
				{
					OFFSET 0.165577 0.100393 -0.000888
					CHANNELS 3 Zrotation Yrotation Xrotation
					JOINT Bip01_L_Foot_1
					{
						OFFSET 0.108766 -0.113488 0.063231
						CHANNELS 3 Zrotation Yrotation Xrotation
						End Site #name: Bip01_L_FootNub_1
						{
							OFFSET 0.033675 -0.148454 0.087814
						}
					}
				}
			}
		}
		JOINT Bip01_R_Thigh_2
		{
			OFFSET -0.104093 -0.107732 0.030383
			CHANNELS 3 Zrotation Yrotation Xrotation
			JOINT Bip01_R_Thigh1_2
			{
				OFFSET -0.134354 -0.011576 -0.040861
				CHANNELS 3 Zrotation Yrotation Xrotation
				JOINT Bip01_R_Calf_2
				{
					OFFSET -0.164191 0.145223 -0.106156
					CHANNELS 3 Zrotation Yrotation Xrotation
					JOINT Bip01_R_Foot_2
					{
						OFFSET -0.132857 -0.116421 0.010547
						CHANNELS 3 Zrotation Yrotation Xrotation
						End Site #name: Bip01_R_FootNub_2
						{
							OFFSET -0.079076 -0.169084 0.026562
						}
					}
				}
			}
		}
		JOINT Bip01_R_Thigh_3
		{
			OFFSET -0.136803 -0.107731 -0.064514
			CHANNELS 3 Zrotation Yrotation Xrotation
			JOINT Bip01_R_Thigh1_3
			{
				OFFSET -0.105223 -0.006819 -0.093469
				CHANNELS 3 Zrotation Yrotation Xrotation
				JOINT Bip01_R_Calf_3
				{
					OFFSET -0.129084 0.130171 -0.188290
					CHANNELS 3 Zrotation Yrotation Xrotation
					JOINT Bip01_R_Foot_3
					{
						OFFSET -0.134634 -0.101699 -0.052980
						CHANNELS 3 Zrotation Yrotation Xrotation
						End Site #name: Bip01_R_FootNub_3
						{
							OFFSET -0.098925 -0.164779 -0.013534
						}
					}
				}
			}
		}
		JOINT Bip01_R_Thigh_4
		{
			OFFSET -0.152202 -0.107730 -0.183480
			CHANNELS 3 Zrotation Yrotation Xrotation
			JOINT Bip01_R_Thigh1_4
			{
				OFFSET -0.054068 -0.012181 -0.150451
				CHANNELS 3 Zrotation Yrotation Xrotation
				JOINT Bip01_R_Calf_4
				{
					OFFSET -0.037189 0.167437 -0.208757
					CHANNELS 3 Zrotation Yrotation Xrotation
					JOINT Bip01_R_Foot_4
					{
						OFFSET -0.099485 -0.097520 -0.140841
						CHANNELS 3 Zrotation Yrotation Xrotation
						End Site #name: Bip01_R_FootNub_4
						{
							OFFSET -0.074606 -0.168926 -0.065557
						}
					}
				}
			}
		}
	}
}
MOTION
Frames: 80
Frame Time: 0.041667
0.000000 0.147757 0.000000 0.823658 -3.654739 -0.100065 -1.869542 1.228356 -1.382128 14.761453 1.293853 -5.499609 12.550587 -6.445979 -13.048137 10.873805 -8.478023 -1.768335 5.127759 -16.543152 -1.641640 -0.208964 -12.535801 13.174828 -18.329601 -1.509872 -0.078541 -22.489308 25.236428 -13.181926 31.260932 49.119471 -9.742660 -0.523125 13.262564 136.931515 80.195724 4.663685 -22.384684 -119.908385 -13.789581 -53.624408 -38.016347 -14.352591 -26.189284 -53.760424 41.779440 68.438424 89.019884 -31.139165 19.193693 -68.061872 -8.122983 -66.556138 30.939065 12.768901 -38.084851 -15.628525 -9.457360 -25.910441 55.610753 -7.139114 -17.453285 -35.685362 35.311486 46.632213 -73.328628 14.732974 2.327330 -97.361851 43.347563 36.219310 -14.377638 19.951105 -52.118546 47.340555 -50.165369 24.245683 21.820559 -9.243555 2.908694 58.327615 56.705528 -125.718097 -41.711189 -31.172951 -47.951593 164.076387 -40.560144 -0.182374 59.046064 -1.070718 9.324074 23.173444 -8.722792 -131.935020 -73.298566 -46.388762 8.686297 -172.062394 3.270694 49.496298 58.851951 14.187077 7.039140 0.949174 -29.626560 -137.138278 -73.583930 -32.664281 30.542121 177.411769 29.006277 60.140837 56.503765 27.820817 22.027795 1.296807 -45.615703 139.138804 62.988078 3.985474 -34.835936 -148.372584 25.236170 -51.001037 -37.212827 4.638897 -22.583876 40.112991 -55.390153 80.091506 32.805118 -7.327660 -36.423807 -99.709186 69.023725 -18.609999 -42.938926 14.526198 -13.157706 44.279693 -23.664438 40.555095 15.669586 -20.417879 -23.859309 28.605985 69.573078 52.746043 -39.969188 26.776900 -11.919658 
-0.002482 0.147757 0.018814 0.823658 -3.654739 -0.100065 -1.728170 1.228144 -1.442001 14.605693 1.295109 -5.549338 11.991592 -6.216946 -13.030854 10.800233 -8.455557 -1.762488 5.281031 -16.547859 -1.643989 -0.349941 -12.412359 13.142630 -18.360410 -1.417850 -0.159158 -22.489307 25.236428 -13.181926 31.260931 49.119471 -9.742660 0.865616 15.989407 138.090169 80.257801 4.685861 -22.315226 -118.754721 -14.014242 -52.314461 -37.869515 -14.562492 -24.713580 -54.956798 41.944554 67.919951 89.017063 -31.125350 19.160606 -68.061872 -8.122983 -66.556138 30.939065 12.768901 -38.084851 -14.722801 -9.029001 -25.292389 55.586440 -7.422490 -18.117871 -35.163157 35.514733 45.994620 -73.060777 15.468679 2.310435 -95.773664 45.748377 36.467417 -14.123259 19.491051 -51.778312 47.608276 -53.162866 21.906224 22.815179 -10.547263 0.839177 56.606220 56.386713 -127.409049 -41.628667 -31.066902 -47.929128 164.888926 -40.671032 -0.701217 59.440471 -1.128467 9.245013 23.432657 -6.766437 -130.537381 -73.094149 -46.342600 8.512789 -171.454977 2.973442 49.429222 59.299124 14.218024 7.104851 1.738540 -27.364295 -136.046585 -73.455525 -32.652192 30.412992 178.951386 28.152309 60.787558 57.691765 28.209287 22.453244 -0.804862 -42.820054 139.629407 62.775712 4.121962 -34.582762 -149.604606 24.991569 -52.996218 -37.861021 4.791398 -23.656142 42.579220 -56.097489 77.717870 32.934598 -7.577685 -36.715715 -96.173364 68.490727 -14.314564 -42.066114 14.177164 -12.244065 45.095803 -23.990058 39.481178 15.646410 -21.012671 -23.826014 27.558669 68.298681 52.652035 -39.203144 26.394782 -10.925066 
-0.004965 0.147757 0.037628 0.823658 -3.654739 -0.100065 -1.586748 1.226881 -1.501787 14.449802 1.296318 -5.600076 11.432291 -5.988645 -13.017303 10.726703 -8.432983 -1.756789 5.434263 -16.552618 -1.646191 -0.490924 -12.288912 13.110348 -18.391394 -1.325857 -0.239725 -22.489307 25.236428 -13.181926 31.260931 49.119471 -9.742660 2.504849 18.744939 139.437025 80.328175 4.710872 -22.236584 -117.438252 -14.307216 -50.824376 -37.710469 -14.802781 -23.025496 -56.162022 42.089851 67.409414 89.014326 -31.111595 19.127502 -68.061872 -8.122983 -66.556138 30.939065 12.768901 -38.084851 -13.813545 -8.610451 -24.668176 55.565527 -7.706144 -18.782817 -34.642804 35.722501 45.358321 -72.785427 16.203734 2.301635 -94.128503 48.108882 36.812212 -13.812928 18.891205 -51.356575 48.047204 -55.918209 19.557193 23.786453 -11.730410 -1.084541 54.790220 56.045543 -129.181240 -41.543010 -30.957463 -47.904221 165.692972 -40.777093 -1.216065 59.822739 -1.185481 9.166052 23.667575 -4.722365 -129.063530 -72.914966 -46.301781 8.361526 -170.920591 2.713154 49.367926 59.692753 14.244852 7.162891 2.402439 -25.029941 -134.814888 -73.336249 -32.640948 30.293789 -179.656730 27.356899 61.354445 58.784334 28.560086 22.849452 -2.640852 -39.769026 139.751150 62.567695 4.256914 -34.334554 -150.742228 24.727384 -54.808194 -38.453843 4.919723 -24.634282 45.228859 -56.644946 75.166892 33.063910 -7.834046 -37.011581 -92.545535 67.835894 -9.881486 -41.122127 13.784925 -11.274223 45.948346 -24.218934 38.349869 15.621576 -21.631170 -23.787038 26.541497 66.952969 52.633502 -38.401484 25.978469 -9.886681 
-0.007448 0.147757 0.056442 0.823658 -3.654739 -0.100065 -1.445377 1.227264 -1.561650 14.293951 1.297233 -5.650860 10.872731 -5.761115 -13.007521 10.653150 -8.410430 -1.751067 5.587456 -16.557203 -1.648286 -0.631959 -12.165450 13.078084 -18.422603 -1.233886 -0.320265 -22.489306 25.236428 -13.181926 31.260931 49.119471 -9.742660 4.342451 21.396484 140.930961 80.397251 4.735328 -22.159340 -116.008276 -14.632131 -49.212419 -37.526733 -15.043376 -21.190908 -57.375998 42.214982 66.907228 89.011490 -31.097770 19.094455 -68.061872 -8.122983 -66.556138 30.939065 12.768901 -38.084851 -12.900691 -8.201657 -24.038012 55.547905 -7.989999 -19.448078 -34.123926 35.934967 44.722635 -72.502409 16.937930 2.301115 -92.518879 50.283752 37.235278 -13.505095 18.275496 -50.933433 48.632128 -58.362008 17.274146 24.688430 -12.764137 -2.814083 52.974841 55.703677 -130.936159 -41.462827 -30.854820 -47.880661 166.443908 -40.871235 -1.698220 60.177938 -1.238961 9.092420 23.864267 -2.704182 -127.605794 -72.770929 -46.268505 8.239292 -170.489038 2.503276 49.316304 60.010917 14.266258 7.209946 2.940646 -22.771403 -133.544390 -73.216481 -32.629890 30.174876 -178.485757 26.650718 61.804525 59.716630 28.853156 23.168371 -4.129280 -36.673372 139.538983 62.390535 4.372845 -34.123006 -151.708707 24.467016 -56.341209 -38.960560 5.021059 -25.468611 47.927322 -57.006213 72.574377 33.192135 -8.088126 -37.304314 -89.090039 67.077048 -5.613792 -40.165441 13.371395 -10.302422 46.777258 -24.336557 37.241330 15.594505 -22.231751 -23.741897 25.624304 65.602543 52.694412 -37.596474 25.549415 -8.860299 
-0.009931 0.147757 0.075256 0.823658 -3.654739 -0.100065 -1.304010 1.226495 -1.621541 14.138213 1.297606 -5.700721 10.312948 -5.534444 -13.001482 10.579607 -8.387889 -1.745322 5.740598 -16.561845 -1.650235 -0.773092 -12.041968 13.045713 -18.454025 -1.141937 -0.400774 -22.489306 25.236428 -13.181926 31.260931 49.119470 -9.742660 6.541423 24.063971 142.712394 80.472218 4.761787 -22.075391 -114.364346 -15.040251 -47.370074 -37.315753 -15.308902 -19.078695 -58.595283 42.319652 66.415811 89.008609 -31.084009 19.061361 -68.061872 -8.122983 -66.556138 30.939065 12.768901 -38.084851 -11.984254 -7.802978 -23.402033 55.533558 -8.274065 -20.113721 -33.606563 36.152110 44.087563 -72.211546 17.671130 2.308962 -90.839406 52.410573 37.763245 -13.188172 17.622817 -50.492950 49.393917 -60.665766 14.902812 25.573964 -13.724742 -4.468438 51.061383 55.343752 -132.768559 -41.384383 -30.754312 -47.857276 167.176155 -40.958182 -2.169851 60.523563 -1.290041 9.020072 24.039587 -0.604190 -126.090812 -72.655980 -46.241759 8.141797 -170.145444 2.335768 49.274160 60.265194 14.283177 7.247631 3.373894 -20.442057 -132.174651 -73.108936 -32.619414 30.067614 -177.458290 26.016046 62.188759 60.545533 29.110205 23.452831 -5.396541 -33.371193 139.019752 62.236345 4.474494 -33.938780 -152.544038 24.215865 -57.660993 -39.401826 5.103089 -26.193961 50.796077 -57.194807 69.823900 33.328387 -8.354648 -37.612930 -85.661382 66.165522 -1.319218 -39.145084 12.912301 -9.274145 47.640815 -24.358829 36.075208 15.567728 -22.859746 -23.693724 24.707396 64.184273 52.804923 -36.762326 25.082882 -7.794942 
-0.012414 0.147757 0.094070 0.823658 -3.654739 -0.100065 -1.162634 1.226673 -1.681366 13.982375 1.297927 -5.751591 9.752852 -5.308665 -12.999139 10.506068 -8.365325 -1.739647 5.893622 -16.566361 -1.651982 -0.914274 -11.918467 13.013358 -18.485631 -1.050018 -0.481239 -22.489305 25.236428 -13.181926 31.260931 49.119470 -9.742660 9.089829 26.626764 144.762946 80.546748 4.787911 -21.992128 -112.533653 -15.515752 -45.342629 -37.064093 -15.577062 -16.739766 -59.821133 42.404631 65.935354 89.005791 -31.070311 19.028297 -68.061872 -8.122983 -66.556138 30.939065 12.768901 -38.084851 -11.064328 -7.414333 -22.760184 55.522520 -8.558258 -20.779776 -33.090720 36.373879 43.453126 -71.912581 18.403279 2.325477 -89.136127 54.417093 38.387638 -12.875216 16.960033 -50.053010 50.304806 -62.760612 12.515601 26.408435 -14.584981 -5.993181 49.144748 54.977150 -134.586056 -41.312159 -30.661501 -47.835739 167.856233 -41.034645 -2.608670 60.844360 -1.336958 8.951941 24.185381 1.469195 -124.606073 -72.574006 -46.222581 8.072392 -169.902755 2.217759 49.243519 60.443332 14.294922 7.274079 3.692130 -18.147539 -130.791811 -73.018251 -32.610403 29.977071 -176.608905 25.482808 62.498909 61.238164 29.322035 23.692840 -6.417889 -30.031657 138.264841 62.110973 4.557657 -33.788870 -153.215265 23.999251 -58.712500 -39.755224 5.164638 -26.774131 53.620709 -57.199214 67.124391 33.453903 -8.607495 -37.901542 -82.396226 65.152245 2.814400 -38.096965 12.424308 -8.242886 48.489658 -24.289151 34.920951 15.541434 -23.478114 -23.643323 23.843309 62.764064 52.962174 -35.935857 24.601135 -6.742500 
-0.014897 0.147757 0.112884 0.823658 -3.654739 -0.100065 -1.021262 1.225900 -1.741218 13.826671 1.297714 -5.801535 9.192442 -5.083823 -13.000519 10.432525 -8.342774 -1.733947 6.046565 -16.570845 -1.653553 -1.055600 -11.794943 12.980994 -18.517431 -0.958164 -0.561764 -22.489305 25.236429 -13.181926 31.260931 49.119470 -9.742659 12.219458 29.166636 147.281347 80.627195 4.816009 -21.902184 -110.394888 -16.127334 -43.004463 -36.760036 -15.875297 -14.015557 -61.050049 42.469734 65.468239 89.002890 -31.056541 18.995254 -68.061872 -8.122983 -66.556138 30.939065 12.768901 -38.084851 -10.140781 -7.036027 -22.112725 55.514830 -8.842499 -21.446293 -32.576618 36.600171 42.819577 -71.605335 19.134382 2.350903 -87.324519 56.395405 39.141967 -12.565677 16.286614 -49.612808 51.433615 -64.770140 9.956797 27.237418 -15.400082 -7.481677 47.142934 54.589686 -136.464628 -41.243070 -30.572242 -47.815495 168.512448 -41.104455 -3.032462 61.152278 -1.382274 8.886894 24.314898 3.610383 -123.089287 -72.523882 -46.210810 8.029909 -169.752927 2.145034 49.224801 60.553223 14.302134 7.290414 3.926562 -15.788041 -129.347370 -72.940714 -32.602413 29.899381 -175.894084 25.028881 62.755058 61.828547 29.501057 23.900203 -7.278570 -26.512661 137.278491 62.008258 4.626127 -33.666006 -153.747751 23.821189 -59.535852 -40.033049 5.210446 -27.229790 56.540406 -57.022401 64.345811 33.584253 -8.869825 -38.202738 -79.226281 63.974944 6.905356 -36.986405 11.886696 -7.158995 49.354276 -24.125097 33.737095 15.513910 -24.107311 -23.587927 22.998609 61.264955 53.177199 -35.066120 24.076943 -5.648178 
-0.017380 0.147757 0.131698 0.823658 -3.654739 -0.100065 -0.879890 1.225274 -1.801019 13.670838 1.297441 -5.852484 8.631668 -4.859957 -13.005579 10.358987 -8.320200 -1.728315 6.199510 -16.575354 -1.655076 -1.196929 -11.671416 12.948543 -18.549446 -0.866287 -0.642164 -22.489305 25.236429 -13.181926 31.260931 49.119470 -9.742659 16.074570 31.578783 150.353191 80.710112 4.844848 -21.809370 -107.883799 -16.904007 -40.325959 -36.371695 -16.193220 -10.863105 -62.279943 42.515847 65.016652 89.000006 -31.042904 18.962192 -68.061872 -8.122983 -66.556138 30.939065 12.768901 -38.084851 -9.213654 -6.668123 -21.459713 55.510490 -9.126926 -22.113318 -32.064029 36.831072 42.186521 -71.289527 19.864242 2.385394 -85.443435 58.283287 40.016832 -12.263844 15.616992 -49.178937 52.751716 -66.627022 7.300412 28.027072 -16.142183 -8.877799 45.130091 54.190105 -138.338044 -41.179602 -30.490535 -47.796103 169.119189 -41.165091 -3.424873 61.437137 -1.423008 8.826664 24.421361 5.722544 -121.617776 -72.507273 -46.206830 8.015637 -169.701447 2.120093 49.218522 60.591361 14.304629 7.296081 4.073532 -13.450946 -127.916949 -72.879810 -32.596218 29.838683 -175.336393 24.671108 62.951944 62.291262 29.640536 24.062659 -7.956342 -22.988350 136.134892 61.937779 4.673301 -33.581675 -154.113396 23.693790 -60.099479 -40.223969 5.240610 -27.542694 59.393678 -56.668694 61.647397 33.707673 -9.121492 -38.490885 -76.252795 62.674031 10.814078 -35.843548 11.314038 -6.064633 50.206755 -23.879795 32.560331 15.486459 -24.732929 -23.529799 22.181605 59.758303 53.423632 -34.205095 23.533414 -4.563830 
-0.019863 0.147757 0.150512 0.823658 -3.654739 -0.100065 -0.738530 1.225395 -1.860898 13.515158 1.296639 -5.902505 8.070526 -4.637173 -13.014267 10.285457 -8.297611 -1.722651 6.352362 -16.579733 -1.656393 -1.338309 -11.547884 12.916102 -18.581641 -0.774486 -0.722617 -22.489305 25.236429 -13.181926 31.260931 49.119470 -9.742659 21.088451 33.889450 154.338562 80.800657 4.876106 -21.708215 -104.757948 -17.962026 -37.089564 -35.835088 -16.551016 -7.019631 -63.511843 42.542456 64.580016 88.997046 -31.029194 18.929139 -68.061872 -8.122983 -66.556138 30.939065 12.768901 -38.084851 -8.283078 -6.310777 -20.801285 55.509587 -9.411358 -22.780840 -31.553109 37.066492 41.554162 -70.964937 20.592727 2.429209 -83.396319 60.148990 41.070066 -11.966288 14.940449 -48.746059 54.354601 -68.418445 4.386087 28.815448 -16.852051 -10.256137 43.049993 53.769393 -140.251383 -41.119001 -30.412285 -47.777647 169.693892 -41.219666 -3.797613 61.705129 -1.460636 8.769340 24.514415 7.888201 -120.140844 -72.523205 -46.210659 8.029514 -169.747306 2.142760 49.224553 60.557436 14.302417 7.291039 4.156128 -11.073652 -126.469693 -72.831441 -32.591150 29.790342 -174.912971 24.394054 63.097219 62.644230 29.745587 24.184536 -8.503184 -19.349343 134.834146 61.897396 4.700398 -33.533341 -154.323264 23.618721 -60.422392 -40.334233 5.257551 -27.723338 62.238604 -56.135324 58.973697 33.830063 -9.372373 -38.777210 -73.405370 61.205393 14.642235 -34.634263 10.686609 -4.925377 51.075947 -23.545353 31.350661 15.458341 -25.371940 -23.467349 21.362329 58.172713 53.713892 -33.309170 22.942854 -3.440357 
-0.022346 0.147757 0.169326 0.823658 -3.654739 -0.100065 -0.597172 1.225664 -1.920700 13.359381 1.295775 -5.953532 7.509037 -4.415474 -13.026638 10.211932 -8.274999 -1.717056 6.505094 -16.583993 -1.657505 -1.479780 -11.424313 12.883554 -18.614102 -0.682667 -0.802963 -22.489305 25.236429 -13.181926 31.260931 49.119470 -9.742659 27.942684 35.876963 159.689345 80.910035 4.913666 -21.585923 -100.622511 -19.530738 -33.037375 -35.022267 -16.975892 -2.181392 -64.744090 42.549557 64.159899 88.994141 -31.015548 18.896128 -68.061872 -8.122983 -66.556138 30.939065 12.768901 -38.084851 -7.349188 -5.964154 -20.137575 55.511863 -9.695764 -23.448872 -31.043898 37.306403 40.922492 -70.631432 21.319691 2.482468 -81.220997 61.932331 42.294466 -11.679942 14.274828 -48.324468 56.222932 -70.085915 1.272335 29.573224 -17.506414 -11.567422 40.987276 53.344028 -142.123280 -41.065153 -30.342869 -47.760828 170.209855 -41.266485 -4.132781 61.946030 -1.494657 8.717034 24.586377 10.021009 -118.719178 -72.570329 -46.221767 8.069476 -169.890038 2.211990 49.242517 60.453303 14.295580 7.275562 4.165974 -8.753507 -125.075210 -72.796574 -32.587536 29.755472 -174.635831 24.207544 63.189008 62.875531 29.813736 24.260187 -8.900688 -15.752315 133.458616 61.887914 4.706762 -33.521996 -154.370779 23.601274 -60.495928 -40.359548 5.261387 -27.764796 64.943303 -55.445779 56.452510 33.943803 -9.608533 -39.046056 -70.792449 59.619089 18.244981 -33.402441 10.025171 -3.783120 51.927527 -23.134512 30.155753 15.430311 -25.998420 -23.402672 20.566238 56.562551 54.034127 -32.410668 22.324469 -2.318969 
-0.024828 0.147757 0.188140 0.823658 -3.654739 -0.100065 -0.455391 1.225082 -1.979598 13.203605 1.294610 -6.004594 6.947093 -4.194930 -13.042616 10.138404 -8.252384 -1.711537 6.657841 -16.588299 -1.658468 -1.621390 -11.300714 12.850995 -18.646708 -0.590915 -0.883353 -22.489305 25.236429 -13.181926 31.260931 49.119470 -9.742659 32.665439 36.490701 163.856737 80.984280 4.939014 -21.502942 -97.812210 -20.725777 -30.421532 -34.422092 -17.262869 0.968285 -65.972789 42.539365 63.759720 88.991261 -31.001894 18.863073 -68.061872 -8.122983 -66.556138 30.939065 12.768901 -38.084851 -6.411738 -5.628285 -19.468600 55.517673 -9.980146 -24.117527 -30.536412 37.550749 40.291515 -70.288553 22.045021 2.545706 -78.821325 63.377098 43.944920 -11.408255 13.628435 -47.919511 58.395079 -71.635818 -2.085717 30.304588 -18.113105 -12.821847 39.796386 53.415185 -142.862515 -41.055113 -30.330136 -47.757376 170.303799 -41.275034 -4.193865 61.990657 -1.501235 8.707510 24.631087 12.184539 -117.318303 -72.649735 -46.240261 8.136442 -170.127598 2.327265 49.272170 60.277220 14.283972 7.249415 4.241094 -7.598124 -124.184543 -72.777890 -32.585605 29.736942 -174.493970 24.110832 63.235645 62.993898 29.848540 24.298293 -8.981488 -12.618273 132.392825 61.903275 4.696442 -33.540381 -154.290381 23.630260 -60.372434 -40.317488 5.255000 -27.695905 66.059836 -55.147329 55.320587 33.999256 -9.724870 -39.177134 -69.523102 58.749172 20.032775 -32.752789 9.667731 -3.188848 52.807829 -22.614354 28.916659 15.402936 -26.639663 -23.335400 19.752380 54.873332 54.388979 -31.483758 21.655322 -1.161083 
-0.027311 0.147757 0.206953 0.823658 -3.654739 -0.100065 -0.272699 1.224655 -1.941668 13.047954 1.292923 -6.054722 6.384696 -3.975582 -13.062169 10.064894 -8.229761 -1.705987 6.810479 -16.592590 -1.659258 -1.763003 -11.177114 12.818345 -18.679516 -0.499190 -0.963711 -22.489305 25.236429 -13.181926 31.260931 49.119469 -9.742659 26.599183 34.793958 161.145970 80.889525 4.906654 -21.608839 -101.408087 -19.214132 -33.792106 -35.181686 -16.895652 -3.085810 -67.198821 42.511275 63.379040 88.988303 -30.988309 18.830040 -68.061872 -8.122983 -66.556138 30.939065 12.768901 -38.084851 -5.470957 -5.303457 -18.794667 55.526817 -10.264392 -24.786835 -30.030645 37.799534 39.661164 -69.936113 22.768713 2.619024 -76.361460 63.918018 46.179095 -11.173533 13.058503 -47.565568 60.657928 -72.942955 -5.378134 30.944699 -18.624907 -13.912841 40.943472 54.783415 -140.644231 -41.153541 -30.456825 -47.788280 169.364707 -41.189084 -3.584443 61.551334 -1.438849 8.801663 24.623770 14.296162 -115.999353 -72.757271 -46.265274 8.227577 -170.450307 2.483773 49.311817 60.039693 14.268185 7.214205 4.584277 -9.506927 -124.591306 -72.777890 -32.585605 29.736942 -174.493618 24.110616 63.235711 62.993796 29.848504 24.298272 -8.522322 -10.911219 132.328579 61.926518 4.680846 -33.568209 -154.172034 23.672482 -60.190583 -40.254848 5.245392 -27.593288 63.170153 -56.131392 57.658199 33.914364 -9.549655 -38.977773 -71.431921 60.031829 17.353428 -33.716390 10.195903 -4.072709 53.697487 -21.977887 27.670900 15.378173 -27.257658 -23.269994 18.952267 53.151114 54.769743 -30.551455 20.951995 -0.002282 
-0.029794 0.147757 0.225768 0.823658 -3.654739 -0.100065 -0.090004 1.226107 -1.903753 12.892206 1.291163 -6.105853 5.821834 -3.757482 -13.085327 9.991381 -8.207163 -1.700417 6.962991 -16.596747 -1.659941 -1.904712 -11.053521 12.785798 -18.712545 -0.407502 -1.044041 -22.489306 25.236429 -13.181927 31.260932 49.119469 -9.742659 20.237490 32.367368 158.513345 80.785672 4.870941 -21.724983 -105.289852 -17.775910 -37.627487 -35.931686 -16.493429 -7.657759 -68.420426 42.465324 63.019252 88.985263 -30.974651 18.797029 -68.061872 -8.122983 -66.556138 30.939065 12.768901 -38.084851 -4.526878 -4.989683 -18.115695 55.539343 -10.548537 -25.456782 -29.526642 38.052721 39.031420 -69.573882 23.490555 2.702625 -73.817423 64.159406 48.625359 -10.946947 12.498655 -47.220162 63.237259 -74.161634 -8.949763 31.565187 -19.104381 -14.963870 42.638103 56.422657 -137.723024 -41.288365 -30.630053 -47.829898 168.085889 -41.059461 -2.756780 60.951349 -1.352362 8.929090 24.581164 16.426608 -114.721934 -72.897942 -46.297757 8.346539 -170.869309 2.688036 49.361692 59.731287 14.247468 7.168589 4.925282 -12.121240 -125.325011 -72.796573 -32.587528 29.755490 -174.638208 24.208677 63.188160 62.873238 29.812928 24.258873 -7.928684 -9.496606 132.488437 61.954351 4.662191 -33.601503 -154.028141 23.723657 -59.968519 -40.179393 5.233662 -27.469648 59.125555 -57.238209 61.034733 33.791945 -9.296828 -38.690040 -74.245299 61.664955 13.502370 -35.004139 10.880901 -5.272149 54.604073 -21.235988 26.390106 15.354605 -27.883566 -23.203063 18.127941 51.337023 55.186557 -29.586649 20.188233 1.195894 
-0.032277 0.147757 0.244582 0.823658 -3.654739 -0.100065 0.092734 1.225439 -1.865873 12.736600 1.288887 -6.156046 5.258520 -3.540692 -13.112053 9.917876 -8.184508 -1.694904 7.115468 -16.600868 -1.660445 -2.046459 -10.929874 12.753045 -18.745741 -0.315831 -1.124329 -22.489306 25.236429 -13.181927 31.260932 49.119469 -9.742660 15.812881 30.086048 157.328526 80.704622 4.842925 -21.815554 -108.031547 -16.849881 -40.481264 -36.390728 -16.170460 -11.050284 -69.635337 42.402422 62.682425 88.982285 -30.961056 18.764047 -68.061872 -8.122983 -66.556138 30.939065 12.768901 -38.084851 -3.579619 -4.687088 -17.431985 55.555278 -10.832486 -26.127401 -29.024502 38.310233 38.402427 -69.201619 24.210393 2.796805 -71.268206 64.273912 51.087577 -10.730468 11.953807 -46.886484 66.184923 -75.290580 -12.855925 32.169474 -19.556067 -15.982589 44.225534 57.974306 -134.945348 -41.431431 -30.813879 -47.872474 166.733494 -40.906470 -1.884478 60.314808 -1.259020 9.063510 24.505452 18.524200 -113.521285 -73.067611 -46.336580 8.490468 -171.374187 2.934424 49.420037 59.359225 14.222159 7.113706 5.193673 -14.616934 -126.046978 -72.832665 -32.591344 29.791631 -174.925250 24.400799 63.093105 62.633873 29.742055 24.179965 -7.343589 -8.074896 132.623697 61.986698 4.640547 -33.640222 -153.860768 23.782288 -59.710300 -40.092050 5.219884 -27.326506 55.024725 -58.093021 64.493481 33.670878 -9.047784 -38.406447 -77.093852 63.065279 9.698887 -36.178164 11.484008 -6.384349 55.497060 -20.419728 25.114717 15.334772 -28.493936 -23.139291 17.290770 49.460267 55.629136 -28.608295 19.373991 2.411129 
-0.034760 0.147757 0.263396 0.823658 -3.654739 -0.100065 0.275437 1.225650 -1.827996 12.580884 1.286536 -6.207239 4.694668 -3.325258 -13.142281 9.844363 -8.161845 -1.689464 7.267911 -16.604953 -1.660770 -2.188305 -10.806250 12.720392 -18.779141 -0.224228 -1.204687 -22.489307 25.236429 -13.181927 31.260933 49.119469 -9.742660 12.147062 27.785427 156.790375 80.627269 4.816031 -21.902094 -110.372999 -16.128579 -42.979623 -36.753614 -15.874626 -13.988852 -70.844685 42.323374 62.368102 88.979258 -30.947527 18.731030 -68.061872 -8.122983 -66.556138 30.939065 12.768901 -38.084851 -2.629080 -4.395778 -16.743686 55.574532 -11.116316 -26.798738 -28.524159 38.572065 37.774051 -68.818884 24.928098 2.901974 -68.692050 64.234576 53.601028 -10.518395 11.412684 -46.556129 69.604351 -76.346593 -17.220598 32.766836 -19.988187 -16.986134 45.827023 59.514756 -132.145398 -41.587376 -31.014328 -47.916903 165.254093 -40.721022 -0.934714 59.611828 -1.154787 9.209167 24.392201 20.628735 -112.376448 -73.269480 -46.382114 8.661226 -171.975465 3.226645 49.486615 58.915738 14.191531 7.048501 5.401027 -17.148269 -126.801907 -72.883931 -32.596801 29.843071 -175.365436 24.689061 62.942153 62.267238 29.632830 24.054250 -6.737787 -6.661392 132.771594 62.024099 4.615549 -33.684961 -153.667250 23.848720 -59.411598 -39.990893 5.203641 -27.160675 50.664027 -58.742826 68.205123 33.543743 -8.789906 -38.112060 -80.155652 64.342599 5.696826 -37.323267 12.052035 -7.487030 56.396964 -19.506189 23.814479 15.319913 -29.096804 -23.079860 16.415536 47.465246 56.110263 -27.590726 18.481656 3.676176 
-0.037243 0.147757 0.282210 0.823658 -3.654739 -0.100065 0.458150 1.225739 -1.790059 12.425296 1.283671 -6.257491 4.130289 -3.111222 -13.176047 9.770855 -8.139213 -1.684006 7.420225 -16.609035 -1.660922 -2.330193 -10.682590 12.687528 -18.812783 -0.132624 -1.284927 -22.489309 25.236429 -13.181928 31.260934 49.119469 -9.742660 9.171257 25.565149 156.783155 80.556349 4.791290 -21.981341 -112.312823 -15.576688 -45.097947 -37.032658 -15.608739 -16.457220 -72.045661 42.227525 62.078320 88.976288 -30.933921 18.698041 -68.061872 -8.122983 -66.556138 30.938975 12.768884 -38.084917 -1.675564 -4.115985 -16.050774 55.597253 -11.399774 -27.470871 -28.025721 38.838163 37.146323 -68.425486 25.643503 3.018287 -66.169202 64.048022 56.081367 -10.314753 10.884223 -46.235329 73.485625 -77.303601 -22.017763 33.347339 -20.394670 -17.957673 47.370958 61.002801 -129.429059 -41.748730 -31.221528 -47.961117 163.693912 -40.507473 0.060975 58.860236 -1.042537 9.360007 24.237950 22.692825 -111.321052 -73.493638 -46.431926 8.850165 -172.662635 3.554835 49.556365 58.409703 14.155983 6.974397 5.532356 -19.621868 -127.541853 -72.947684 -32.603115 29.906439 -175.952728 25.066562 62.734510 61.779384 29.486188 23.882676 -6.128781 -5.268119 132.917056 62.066028 4.587576 -33.735133 -153.450712 23.921362 -59.077393 -39.878054 5.185169 -26.975628 46.231825 -59.156209 71.998884 33.417045 -8.534330 -37.819769 -83.309091 65.454528 1.651118 -38.399608 12.567125 -8.539663 57.288468 -18.506034 22.507862 15.312663 -29.676860 -23.029240 15.507031 45.372349 56.623689 -26.549197 17.517061 4.974833 
-0.039726 0.147757 0.301024 0.823658 -3.654739 -0.100065 0.640912 1.225709 -1.752187 12.269627 1.280722 -6.308745 3.565386 -2.898647 -13.213308 9.697335 -8.116559 -1.678511 7.572546 -16.613050 -1.660992 -2.472170 -10.558919 12.654767 -18.846595 -0.041065 -1.365232 -22.489310 25.236429 -13.181929 31.260936 49.119469 -9.742660 6.579823 23.353820 157.122043 80.486578 4.766827 -22.059375 -114.036762 -15.120116 -47.004108 -37.269884 -15.356930 -18.659439 -73.237323 42.117862 61.814318 88.973185 -30.920454 18.665048 -68.061872 -8.122983 -66.556138 30.938975 12.768884 -38.084917 -0.719032 -3.847780 -15.353663 55.623364 -11.683044 -28.143754 -27.529149 39.108529 36.519198 -68.021171 26.356374 3.145983 -63.702372 63.698131 58.528352 -10.117466 10.362410 -45.920853 77.940246 -78.166124 -27.373824 33.922262 -20.784453 -18.915689 48.899493 62.479673 -126.728505 -41.919856 -31.440400 -48.006994 162.026479 -40.256823 1.118444 58.047094 -0.919626 9.518810 24.036137 24.748220 -110.347388 -73.741791 -46.486334 9.059626 -173.447771 3.922505 49.628333 57.832241 14.114635 6.890230 5.579786 -22.089049 -128.273581 -73.028151 -32.611023 29.986277 -176.699537 25.540576 62.466066 61.163752 29.299318 23.667081 -5.503430 -3.882096 133.073657 62.112799 4.556438 -33.791066 -153.208153 24.001212 -58.702282 -39.751764 5.164055 -26.768456 41.675206 -59.339320 75.910885 33.288930 -8.277440 -37.524260 -86.622416 66.440498 -2.531142 -39.439598 13.046844 -9.570964 58.184645 -17.399613 21.173427 15.317632 -30.224718 -22.994075 14.537400 43.118432 57.183596 -25.457694 16.447166 6.341026 
-0.042209 0.147757 0.319837 0.823658 -3.654739 -0.100065 0.823600 1.225556 -1.714242 12.113962 1.277472 -6.360026 2.999916 -2.687590 -13.253983 9.623825 -8.093876 -1.673083 7.724698 -16.616975 -1.660857 -2.614239 -10.435236 12.621888 -18.880622 0.050470 -1.445402 -22.489312 25.236429 -13.181929 31.260937 49.119468 -9.742661 4.350774 21.196494 157.743578 80.419609 4.743259 -22.134221 -115.535227 -14.744619 -48.680608 -37.465945 -15.119995 -20.583981 -74.419275 41.992937 61.576301 88.970147 -30.906910 18.632070 -68.061872 -8.122983 -66.556138 30.938975 12.768884 -38.084917 0.240430 -3.591199 -14.652331 55.652954 -11.965953 -28.817468 -27.034525 39.383081 35.892717 -67.605350 27.066768 3.285729 -61.364513 63.190162 60.868296 -9.928134 9.855022 -45.615739 82.919956 -78.911767 -33.228040 34.479357 -21.150300 -19.842562 50.377018 63.927986 -124.094635 -42.099999 -31.670011 -48.053911 160.282276 -39.966703 2.216666 57.188835 -0.787621 9.683685 23.780178 26.764742 -109.472683 -74.014176 -46.545021 9.289759 -174.312872 4.326996 49.701184 57.196145 14.068116 6.798005 5.525581 -24.497864 -128.957542 -73.124563 -32.620700 30.082679 -177.602558 26.105707 62.135155 60.428107 29.073504 23.412602 -4.871894 -2.520781 133.235975 62.162750 4.523256 -33.850787 -152.945320 24.086580 -58.292970 -39.614269 5.140535 -26.542809 37.128866 -59.277960 79.816475 33.159366 -8.021083 -37.227182 -89.992462 67.290319 -6.733134 -40.421488 13.483685 -10.561792 59.073528 -16.196086 19.827967 15.339851 -30.722471 -22.982303 13.504850 40.715449 57.786209 -24.330735 15.271695 7.761868 
-0.044691 0.147757 0.338651 0.823658 -3.654739 -0.100065 1.006318 1.226284 -1.676338 11.958440 1.273714 -6.410361 2.433859 -2.478061 -13.298184 9.550297 -8.071164 -1.667720 7.876815 -16.620872 -1.660542 -2.756349 -10.311541 12.589013 -18.914850 0.141964 -1.525652 -22.489315 25.236429 -13.181930 31.260939 49.119468 -9.742661 2.365848 19.049086 158.592372 80.355117 4.720434 -22.206398 -116.882173 -14.429069 -50.196293 -37.638475 -14.896578 -22.312566 -75.589980 41.854108 61.365718 88.967046 -30.893433 18.599082 -68.061872 -8.122983 -66.556138 30.938975 12.768884 -38.084917 1.202733 -3.346303 -13.946851 55.685929 -12.248571 -29.492071 -26.541794 39.661842 35.266743 -67.178029 27.774282 3.437340 -59.137989 62.508556 63.119109 -9.743411 9.352074 -45.314615 88.511636 -79.543160 -39.684028 35.028590 -21.499738 -20.755145 51.828439 65.368196 -121.489672 -42.287676 -31.909155 -48.099902 158.446539 -39.632580 3.363237 56.273980 -0.644543 9.855133 23.461141 28.783602 -108.686663 -74.317357 -46.609112 9.545516 -175.276740 4.778539 49.774924 56.488242 14.015165 6.695985 5.357729 -26.876573 -129.590634 -73.237244 -32.631805 30.195524 -178.679138 26.767801 61.730904 59.562450 28.804636 23.115814 -4.226381 -1.155799 133.407096 62.216732 4.487466 -33.915338 -152.657205 24.179672 -57.839743 -39.461823 5.113797 -26.292500 32.608790 -58.980625 83.688229 33.031458 -7.768670 -36.935565 -93.460081 68.015538 -11.003856 -41.365914 13.887849 -11.524580 59.970234 -14.863003 18.441191 15.393288 -31.134959 -23.014595 12.360985 38.058300 58.456849 -23.130632 13.931747 9.292225 
-0.047174 0.147757 0.357466 0.823658 -3.654739 -0.100065 1.189085 1.226891 -1.638446 11.802798 1.269865 -6.461692 1.867281 -2.270165 -13.345758 9.476693 -8.048441 -1.662316 8.028938 -16.624704 -1.660144 -2.898550 -10.187830 12.556019 -18.949283 0.233409 -1.605868 -22.489318 25.236429 -13.181931 31.260942 49.119468 -9.742662 0.614789 16.924060 159.575129 80.293441 4.698558 -22.275345 -118.079688 -14.159881 -51.549546 -37.786350 -14.685539 -23.849381 -76.749165 41.702346 61.182918 88.963930 -30.879952 18.566134 -68.061872 -8.122983 -66.556138 30.938975 12.768884 -38.084917 2.167770 -3.113380 -13.237644 55.722367 -12.530716 -30.167594 -26.051116 39.944699 34.641458 -66.738671 28.478931 3.601556 -57.201684 61.683322 65.109957 -9.574013 8.881337 -45.035058 94.349076 -80.019573 -46.330175 35.545265 -21.818441 -21.610647 53.237337 66.789642 -118.945371 -42.478119 -32.151796 -48.143311 156.538123 -39.255503 4.543699 55.306530 -0.491237 10.029504 23.094760 30.696752 -108.029852 -74.630376 -46.673898 9.809598 -176.277656 5.246678 49.843064 55.753332 13.958888 6.590787 5.041694 -29.215248 -130.118974 -73.359206 -32.643323 30.317146 -179.939594 27.517550 61.238736 58.561766 28.488694 22.765957 -3.585535 0.119179 133.594725 62.270992 4.451591 -33.980186 -152.362875 24.272531 -57.374819 -39.305610 5.085700 -26.035900 28.267822 -58.436293 87.396812 32.904681 -7.521678 -36.649460 -96.949599 68.620302 -15.262746 -42.262174 14.256948 -12.450116 60.830508 -13.464667 17.081437 15.480060 -31.429189 -23.096971 11.144907 35.259690 59.169515 -21.920133 12.477604 10.860426 
-0.049657 0.147757 0.376280 0.823658 -3.654739 -0.100065 1.365326 1.227273 -1.597115 11.653248 1.266204 -6.512476 1.323011 -2.072140 -13.395241 9.402842 -8.025587 -1.656923 8.180891 -16.628580 -1.659477 -3.040841 -10.064131 12.523122 -18.983899 0.324827 -1.686049 -22.489322 25.236428 -13.181933 31.260944 49.119468 -9.742663 -0.778355 14.705432 159.870576 80.234461 4.677533 -22.341332 -119.175435 -13.928502 -52.790644 -37.922354 -14.485569 -25.251909 -77.864622 41.542084 61.032847 88.960734 -30.866085 18.532308 -68.057284 -8.124391 -66.552367 30.938975 12.768884 -38.084917 3.093859 -2.897122 -12.549052 55.761305 -12.806103 -30.828663 -25.572195 40.225874 34.029223 -66.296135 29.166432 3.774859 -57.218736 61.207473 65.264672 -9.532523 8.764326 -44.966038 95.886303 -80.118707 -48.069060 35.674090 -21.896417 -21.823943 54.645872 68.157488 -116.474579 -42.676751 -32.404014 -48.186489 154.541670 -38.824571 5.765006 54.279670 -0.325466 10.209376 23.205813 31.150455 -107.848269 -74.700262 -46.688303 9.869057 -176.502647 5.351912 49.857255 55.588030 13.946049 6.567224 4.179722 -31.568320 -130.095100 -73.492106 -32.655542 30.449550 178.531091 28.388643 60.613174 57.365315 28.103799 22.335819 -3.311051 0.082597 133.915570 62.275925 4.448334 -33.986085 -152.332883 24.281517 -57.328020 -39.290083 5.082865 -26.010387 25.067748 -57.503427 90.267469 32.776698 -7.273908 -36.361663 -100.496886 69.126195 -19.561956 -43.128497 14.600071 -13.356548 61.014185 -13.149766 16.777305 15.504524 -31.488743 -23.122065 10.837249 34.560206 59.348571 -21.626017 12.107374 11.245776 
-0.052140 0.147757 0.395094 0.823658 -3.654739 -0.100065 1.221555 1.226789 -1.387193 11.794661 1.295968 -6.583985 1.887923 -2.276790 -13.373195 9.329835 -8.003094 -1.651593 8.332808 -16.632304 -1.658693 -3.183170 -9.940387 12.490011 -19.018744 0.416220 -1.766217 -22.489321 25.236428 -13.181932 31.260944 49.119468 -9.742662 -1.727907 12.337595 159.087799 80.177453 4.657117 -22.405213 -120.184962 -13.724997 -53.936451 -38.046945 -14.293395 -26.540609 -77.485574 41.597678 61.080631 88.953473 -30.834860 18.455602 -67.793304 -8.205096 -66.361609 30.938975 12.768884 -38.084917 1.986449 -2.919902 -13.048319 55.755654 -12.767373 -30.735490 -25.572194 40.225874 34.029223 -66.296135 29.166432 3.774859 -59.850189 61.302083 62.953504 -9.669989 9.147670 -45.193698 90.980273 -79.764709 -42.505078 35.251804 -21.638596 -21.125834 56.051090 69.454987 -114.107079 -42.881965 -32.664312 -48.227590 152.462364 -38.335323 7.021090 53.193135 -0.147084 10.394329 24.077250 29.517781 -108.301230 -74.412111 -46.628997 9.626149 -175.581395 4.921071 49.796547 56.264199 13.998155 6.663841 2.520450 -33.902158 -129.246255 -73.642814 -32.669506 30.600824 176.682758 29.400994 59.827216 55.949401 27.638536 21.828132 -3.576862 -1.824879 134.415077 62.211860 4.490690 -33.909511 -152.679819 24.172084 -57.876190 -39.473796 5.115927 -26.312177 23.495790 -56.199140 91.948665 32.651216 -7.029113 -36.078720 -104.105939 69.529959 -23.905464 -43.974416 14.921424 -14.246682 60.221143 -14.465135 18.003044 15.423452 -31.255560 -23.041790 11.900019 36.993208 58.726666 -22.663572 13.383600 9.894581 
-0.054623 0.147757 0.413908 0.823658 -3.654739 -0.100065 1.077806 1.228230 -1.177203 11.936108 1.325893 -6.654403 2.452783 -2.482554 -13.354590 9.256462 -7.980384 -1.646338 8.484597 -16.636038 -1.657734 -3.325588 -9.816659 12.456994 -19.053795 0.507573 -1.846356 -22.489320 25.236428 -13.181932 31.260943 49.119468 -9.742662 -2.452569 9.886472 158.116438 80.122662 4.637490 -22.466387 -121.095300 -13.541641 -54.968607 -38.155347 -14.109453 -27.697958 -77.104266 41.652201 61.132126 88.945993 -30.803686 18.378942 -67.529194 -8.286711 -66.171172 30.938975 12.768884 -38.084917 0.882443 -2.946319 -13.551778 55.750039 -12.728602 -30.642342 -25.572194 40.225874 34.029223 -66.296135 29.166432 3.774859 -63.122970 61.381351 60.052626 -9.855339 9.655496 -45.497261 85.060323 -79.176120 -35.712194 34.696710 -21.289922 -20.204375 57.390009 70.746614 -111.821461 -43.087479 -32.925539 -48.263476 150.318379 -37.789016 8.297077 52.050972 0.043264 10.580647 25.040012 27.370556 -109.012362 -74.061241 -46.555120 9.329805 -174.464701 4.398241 49.713188 57.084488 14.059843 6.781869 0.455605 -36.152385 -128.008239 -73.798310 -32.683768 30.757554 174.536993 30.514639 58.870852 54.345263 27.099605 21.244816 -3.875566 -4.198661 134.967492 62.139944 4.538391 -33.823526 -153.064436 24.047765 -58.479207 -39.676658 5.151273 -26.645206 22.480564 -54.703939 93.185583 32.527180 -6.790277 -35.802044 -107.648774 69.835916 -28.151960 -44.776226 15.213789 -15.101076 59.187131 -16.045662 19.575593 15.351236 -30.863204 -22.984962 13.163379 39.923971 57.984784 -23.968070 14.876262 8.222826 
-0.057106 0.147757 0.432721 0.823658 -3.654739 -0.100065 0.937847 1.250661 -0.923684 12.072123 1.343161 -6.772505 3.017289 -2.689368 -13.339357 9.183021 -7.957668 -1.641045 8.636391 -16.639714 -1.656692 -3.468091 -9.692900 12.423858 -19.089027 0.598901 -1.926463 -22.489320 25.236428 -13.181932 31.260943 49.119468 -9.742662 -3.050974 7.329604 157.214318 80.072468 4.619416 -22.522583 -121.908987 -13.388691 -55.891007 -38.254523 -13.942104 -28.728641 -76.714160 41.658728 61.203557 88.938505 -30.772627 18.302339 -67.265965 -8.369060 -65.981051 30.938975 12.768884 -38.084917 -0.220303 -2.999210 -14.102470 55.744477 -12.689807 -30.549320 -25.572194 40.225874 34.029223 -66.296135 29.166432 3.774859 -66.288371 61.223904 57.271363 -10.041529 10.157156 -45.798609 79.872603 -78.478530 -29.659502 34.146840 -20.933335 -19.289721 58.514733 72.090823 -109.730431 -43.297184 -33.191710 -48.296142 148.112962 -37.179779 9.588386 50.854382 0.247329 10.768150 25.919009 25.257259 -109.877249 -73.750916 -46.488421 9.067883 -173.478573 3.937262 49.630910 57.809142 14.112961 6.886872 -1.874917 -38.334506 -126.563357 -73.954729 -32.697645 30.915258 172.074807 31.712030 57.719274 52.553529 26.481841 20.584017 -4.104067 -6.583292 135.474203 62.080970 4.577616 -33.752993 -153.372864 23.947331 -58.956903 -39.837338 5.178411 -26.908840 21.711780 -53.069698 94.154664 32.405145 -6.558704 -35.531495 -111.070060 70.056182 -32.242855 -45.529571 15.477410 -15.914774 58.174138 -17.437385 21.041539 15.320172 -30.368257 -22.986039 14.267967 42.493504 57.339254 -25.160741 16.144497 6.714841 
-0.059589 0.147757 0.451535 0.823658 -3.654739 -0.100065 0.790195 1.228592 -0.757106 12.218791 1.386905 -6.795900 3.581395 -2.897165 -13.327519 9.109584 -7.934929 -1.635820 8.788149 -16.643370 -1.655471 -3.610634 -9.569148 12.390720 -19.124489 0.690186 -2.006551 -22.489319 25.236429 -13.181932 31.260943 49.119468 -9.742662 -3.491213 4.765037 156.447299 80.027758 4.603231 -22.572707 -122.625042 -13.265122 -56.703659 -38.344599 -13.794760 -29.633251 -76.337075 41.758082 61.244878 88.930879 -30.741687 18.225771 -67.002605 -8.452321 -65.791250 30.938975 12.768884 -38.084917 -1.315487 -3.010430 -14.570483 55.738963 -12.651073 -30.456201 -25.572194 40.225874 34.029223 -66.296135 29.166432 3.774859 -69.398072 61.008789 54.548368 -10.233457 10.667603 -46.105898 75.247343 -77.669786 -24.152136 33.583821 -20.556527 -18.352278 59.821894 73.409644 -107.437713 -43.506330 -33.457537 -48.323168 145.852068 -36.505396 10.887471 49.603329 0.464532 10.955729 26.812305 23.110620 -110.744106 -73.466614 -46.426128 8.828162 -172.584194 3.516952 49.548231 58.467007 14.160040 6.982777 -4.669470 -40.341090 -124.645012 -74.107917 -32.711514 31.071220 169.218845 32.998544 56.315583 50.539710 25.770287 19.827933 -4.265440 -8.954452 136.056820 62.034218 4.608794 -33.697078 -153.616834 23.865997 -59.333473 -39.964221 5.199307 -27.116937 21.063306 -51.293427 95.055366 32.290874 -6.340435 -35.276973 -114.328569 70.189617 -36.128744 -46.237147 15.714781 -16.681055 57.116711 -18.785343 22.601359 15.312136 -29.803752 -23.019160 15.295230 44.880850 56.744962 -26.308157 17.286940 5.275992 
-0.062072 0.147757 0.470349 0.823658 -3.654739 -0.100065 0.646436 1.228213 -0.547016 12.359972 1.418023 -6.866966 4.145096 -3.105874 -13.319156 9.036122 -7.912195 -1.630565 8.939737 -16.646951 -1.654041 -3.753352 -9.445341 12.357436 -19.160092 0.781415 -2.086694 -22.489319 25.236429 -13.181932 31.260942 49.119468 -9.742662 -3.828558 2.123662 155.671198 79.986267 4.588255 -22.619027 -123.253677 -13.154364 -57.414995 -38.421965 -13.660015 -30.423703 -75.951501 41.808386 61.305957 88.923275 -30.710860 18.149197 -66.740084 -8.536236 -65.601809 30.938975 12.768884 -38.084917 -2.409301 -3.048555 -15.086004 55.733548 -12.612218 -30.363125 -25.572194 40.225874 34.029223 -66.296135 29.166432 3.774859 -72.415451 60.589625 51.938052 -10.432742 11.189170 -46.421395 71.170940 -76.758785 -19.174122 33.011040 -20.160796 -17.395699 60.935250 74.783435 -105.323857 -43.712694 -33.720870 -48.342698 143.532217 -35.760974 12.191792 48.291126 0.695710 11.142077 27.652501 20.927510 -111.773204 -73.206838 -46.368174 8.608682 -171.791187 3.136666 49.466466 59.051228 14.200941 7.068390 -7.911744 -42.232495 -122.359875 -74.251744 -32.725378 31.220231 165.893759 34.360975 54.596963 48.277803 24.945482 18.964993 -4.363429 -11.388414 136.584521 62.000249 4.631475 -33.656429 -153.791143 23.806499 -59.602549 -40.055676 5.214074 -27.266876 20.673123 -49.384286 95.685638 32.182517 -6.133311 -35.036423 -117.408118 70.253545 -39.798515 -46.899426 15.928035 -17.403153 56.048270 -20.009476 24.114208 15.317172 -29.203366 -23.068944 16.259445 47.109100 56.197213 -27.411653 18.320294 3.899257 
-0.064555 0.147757 0.489164 0.823658 -3.654739 -0.100065 0.502646 1.228460 -0.336886 12.501227 1.449264 -6.936946 4.708461 -3.315497 -13.314171 8.962677 -7.889450 -1.625280 9.091288 -16.650517 -1.652431 -3.896022 -9.321577 12.324171 -19.195972 0.872636 -2.166739 -22.489319 25.236429 -13.181932 31.260942 49.119468 -9.742662 -4.066522 -0.546932 154.919608 79.948420 4.574494 -22.661453 -123.790728 -13.055844 -58.018559 -38.485614 -13.538487 -31.093823 -75.564945 41.857091 61.369870 88.915427 -30.680088 18.072726 -66.476482 -8.621431 -65.412630 30.938975 12.768884 -38.084917 -3.499278 -3.090862 -15.605554 55.728153 -12.573540 -30.270136 -25.572194 40.225874 34.029223 -66.296135 29.166432 3.774859 -75.289955 60.036514 49.481749 -10.636226 11.713471 -46.740036 67.642810 -75.767911 -14.735093 32.435102 -19.749981 -16.429698 61.959984 76.197002 -103.274285 -43.919044 -33.984614 -48.355980 141.151027 -34.937518 13.498465 46.914592 0.943762 11.327520 28.467668 18.736172 -112.884048 -72.977443 -46.316064 8.414410 -171.106083 2.802954 49.389283 59.556294 14.235604 7.142751 -11.827075 -43.914220 -119.483417 -74.386383 -32.739374 31.362924 161.914628 35.819750 52.436343 45.681808 23.973250 17.961288 -4.394249 -13.822351 137.083496 61.979617 4.645287 -33.631733 -153.895489 23.770341 -59.763580 -40.110457 5.222805 -27.356677 20.463634 -47.330531 96.136488 32.078037 -5.937963 -34.808522 -120.250490 70.269409 -43.188475 -47.504878 16.115368 -18.071536 54.964114 -21.137725 25.621511 15.332003 -28.581871 -23.130009 17.169148 49.189305 55.693546 -28.469076 19.254458 2.584633 
-0.067037 0.147757 0.507978 0.823658 -3.654739 -0.100065 0.358841 1.228036 -0.126750 12.642443 1.480844 -7.006813 5.271478 -3.525953 -13.312647 8.889244 -7.866649 -1.620156 9.242710 -16.653972 -1.650707 -4.038818 -9.197782 12.290880 -19.231989 0.963789 -2.246833 -22.489318 25.236429 -13.181932 31.260942 49.119468 -9.742662 -4.202455 -3.264801 154.161581 79.915930 4.562694 -22.697766 -124.243947 -12.976947 -58.526626 -38.540218 -13.435468 -31.657497 -75.176189 41.904562 61.437405 88.907535 -30.649502 17.996248 -66.213797 -8.707306 -65.223692 30.938975 12.768884 -38.084917 -4.585674 -3.137590 -16.129353 55.722992 -12.534685 -30.177103 -25.572194 40.225874 34.029223 -66.296135 29.166432 3.774859 -78.042501 59.350986 47.166760 -10.846503 12.247422 -47.065834 64.538045 -74.687873 -10.692741 31.843047 -19.313910 -15.432735 62.931119 77.644420 -101.262325 -44.119744 -34.242482 -48.360578 138.720119 -34.034166 14.796115 45.475416 1.208583 11.510481 29.269556 16.511550 -114.090722 -72.780083 -46.270634 8.247275 -170.516893 2.516072 49.319460 59.990875 14.264921 7.206975 -16.550937 -45.322754 -115.918394 -74.502710 -32.753597 31.491248 157.124080 37.332180 49.703168 42.703030 22.818271 16.792104 -4.361358 -16.291321 137.553589 61.972641 4.649951 -33.623389 -153.931963 23.757548 -59.819966 -40.129355 5.225795 -27.387646 20.428622 -45.143134 96.419913 31.979768 -5.755315 -34.594496 -122.861240 70.243566 -46.304498 -48.059969 16.280569 -18.688480 53.845427 -22.189199 27.150676 15.352304 -27.942408 -23.196521 18.053580 51.178887 55.223128 -29.503512 20.119962 1.299857 
-0.069520 0.147757 0.526792 0.823658 -3.654739 -0.100065 0.214971 1.228539 0.083388 12.783492 1.512964 -7.077539 5.834164 -3.737191 -13.314603 8.815782 -7.843927 -1.614922 9.394096 -16.657543 -1.648743 -4.181700 -9.073969 12.257463 -19.268271 1.054947 -2.326830 -22.489318 25.236429 -13.181931 31.260942 49.119468 -9.742662 -4.247977 -6.017661 153.407210 79.890284 4.553359 -22.726454 -124.606477 -12.917494 -58.933841 -38.585556 -13.353229 -32.107992 -74.787379 41.950915 61.507419 88.899642 -30.618891 17.919806 -65.951864 -8.793818 -65.035240 30.938975 12.768884 -38.084917 -5.668245 -3.188806 -16.657096 55.717668 -12.495926 -30.084162 -25.572194 40.225874 34.029223 -66.296135 29.166432 3.774859 -80.621920 58.555369 45.034538 -11.061047 12.782300 -47.394630 61.879119 -73.550189 -7.089296 31.250644 -18.863276 -14.430932 63.820593 79.148322 -99.296840 -44.315539 -34.496459 -48.354282 136.212154 -33.035065 16.092960 43.953915 1.494498 11.690684 30.059424 14.302382 -115.356020 -72.620162 -46.233424 8.111526 -170.038174 2.283735 49.260848 60.343827 14.288379 7.259301 -22.512430 -46.303847 -111.321492 -74.583000 -32.768003 31.590231 150.986996 38.903465 46.018686 39.107524 21.376773 15.334934 -4.260663 -18.735148 137.974126 61.979437 4.645400 -33.631533 -153.899505 23.768949 -59.769721 -40.111866 5.223029 -27.358983 20.547918 -42.825824 96.546836 31.891492 -5.590086 -34.400692 -125.210186 70.180089 -49.110634 -48.563012 16.424861 -19.248289 52.706868 -23.155536 28.683075 15.377105 -27.293322 -23.266608 18.904513 53.048779 54.793375 -30.495725 20.908853 0.066317 
-0.072003 0.147757 0.545605 0.823658 -3.654739 -0.100065 0.071157 1.227968 0.293558 12.924575 1.545191 -7.147176 6.396529 -3.949170 -13.320015 8.742344 -7.821146 -1.609746 9.545445 -16.660847 -1.646719 -4.324616 -8.950154 12.224043 -19.304720 1.146029 -2.406888 -22.489318 25.236429 -13.181931 31.260942 49.119468 -9.742662 -4.195381 -8.819799 152.609823 79.870814 4.546234 -22.748302 -124.886102 -12.873828 -59.248219 -38.620797 -13.290068 -32.454618 -74.396713 41.995008 61.580628 88.891611 -30.588542 17.843411 -65.689199 -8.881550 -64.846974 30.938975 12.768884 -38.084917 -6.746778 -3.244846 -17.189124 55.712518 -12.457071 -29.991160 -25.572194 40.225874 34.029223 -66.296135 29.166432 3.774859 -83.079162 57.638970 43.046615 -11.285279 13.330283 -47.734464 59.537347 -72.327700 -3.769054 30.641138 -18.384317 -13.395290 64.668772 80.708447 -97.339784 -44.501353 -34.741317 -48.334202 133.620927 -31.929789 17.385111 42.342596 1.803325 11.867123 30.850438 12.058066 -116.699794 -72.493188 -46.203541 8.003609 -169.658577 2.099859 49.213392 60.622921 14.306696 7.300778 -30.344982 -46.522278 -105.254339 -74.603677 -32.783759 31.641961 142.609095 40.444885 40.738499 34.566274 19.481845 13.428915 -4.087909 -21.206226 138.346747 61.999329 4.632096 -33.655342 -153.795786 23.804856 -59.609727 -40.058220 5.214482 -27.271046 20.818463 -40.368126 96.526631 31.812407 -5.441006 -34.226857 -127.311141 70.090638 -51.623368 -49.017795 16.550899 -19.754465 51.527582 -24.052897 30.248499 15.403094 -26.641378 -23.335510 19.748967 54.864284 54.392166 -31.477625 21.651123 -1.154534 
-0.074486 0.147757 0.564419 0.823658 -3.654739 -0.100065 -0.072650 1.227525 0.503724 13.065516 1.577975 -7.217670 6.958649 -4.161849 -13.328930 8.668923 -7.798328 -1.604634 9.696664 -16.664302 -1.644461 -4.467660 -8.826322 12.190592 -19.341357 1.237086 -2.486921 -22.489318 25.236429 -13.181931 31.260941 49.119468 -9.742662 -4.094985 -9.255319 151.428431 79.865552 4.544304 -22.754204 -124.959106 -12.862792 -59.330340 -38.629555 -13.273157 -32.544994 -74.004773 42.038308 61.657079 88.883432 -30.558175 17.767063 -65.426921 -8.970047 -64.659146 30.938975 12.768884 -38.084917 -7.821369 -3.305635 -17.725235 55.707432 -12.418296 -29.898161 -25.572194 40.225874 34.029223 -66.296135 29.166432 3.774859 -84.985835 56.596462 41.677609 -11.536494 13.933554 -48.111081 57.319840 -70.912916 -0.454142 29.959909 -17.830131 -12.231580 65.031709 80.261819 -97.446957 -44.468061 -34.697989 -48.337012 134.049365 -32.117694 17.174213 42.611704 1.751681 11.837293 30.981077 9.915053 -118.116141 -72.408954 -46.183639 7.932295 -169.407776 1.978155 49.181078 60.806845 14.318662 7.328161 -31.251348 -46.479948 -105.103645 -74.603969 -32.785297 31.645467 141.750993 40.574809 40.185549 34.113258 19.296499 13.241148 -3.857821 -23.709956 138.655867 62.033530 4.609253 -33.696259 -153.616809 23.865989 -59.333480 -39.964979 5.199431 -27.118178 21.533500 -40.131763 96.121061 31.808710 -5.433730 -34.218455 -127.418474 70.085148 -51.751627 -49.041488 16.557364 -19.780369 50.524917 -24.663542 31.609851 15.430088 -26.006429 -23.402012 20.553950 56.537649 54.039374 -32.396577 22.314375 -2.301256 
-0.076969 0.147757 0.583233 0.823658 -3.654739 -0.100065 -0.252435 1.228331 0.314965 13.206504 1.610862 -7.287073 7.520476 -4.375164 -13.341341 8.595480 -7.775541 -1.599502 9.847847 -16.667621 -1.642081 -4.610830 -8.702473 12.157111 -19.378219 1.328101 -2.566938 -22.489319 25.236428 -13.181932 31.260942 49.119468 -9.742662 -4.131942 -7.061875 149.866581 79.875780 4.548038 -22.742755 -124.817243 -12.884691 -59.170765 -38.611705 -13.305104 -32.368582 -73.611908 42.079839 61.736268 88.875261 -30.527924 17.690746 -65.164929 -9.059393 -64.471604 30.938975 12.768884 -38.084917 -8.891857 -3.371623 -18.265486 55.702382 -12.379481 -29.805186 -25.572194 40.225874 34.029223 -66.296135 29.166432 3.774859 -86.401451 55.446694 40.880722 -11.821796 14.605184 -48.533826 55.255501 -69.270846 2.851099 29.199723 -17.187241 -10.922741 64.923428 77.657847 -99.758700 -44.198103 -34.343690 -48.359733 137.733541 -33.649799 15.312246 44.881178 1.319731 11.581931 30.384321 7.879868 -119.585038 -72.366338 -46.173470 7.896223 -169.280159 1.916358 49.164206 60.900921 14.324746 7.342188 -24.187890 -46.457319 -111.602949 -74.598142 -32.771134 31.609798 149.489673 39.223996 45.097460 38.267965 21.020373 14.998733 -3.579785 -26.261161 138.894743 62.082799 4.576404 -33.755189 -153.360863 23.951292 -58.938362 -39.831768 5.177485 -26.899706 22.706201 -42.298925 95.290029 31.884223 -5.576835 -34.385228 -125.408746 70.172920 -49.347403 -48.605507 16.436815 -19.295568 49.747355 -24.972232 32.713837 15.456478 -25.404398 -23.463522 21.320415 58.097319 53.727202 -33.268725 22.914043 -3.386883 
-0.079452 0.147757 0.602047 0.823658 -3.654739 -0.100065 -0.432291 1.227845 0.126219 13.347308 1.644305 -7.357327 8.082096 -4.589067 -13.357310 8.522046 -7.752711 -1.594431 9.998993 -16.670935 -1.639522 -4.753992 -8.578630 12.123526 -19.415285 1.419080 -2.646933 -22.489321 25.236428 -13.181932 31.260944 49.119468 -9.742662 -4.012351 -4.816879 148.239781 79.892247 4.554027 -22.724381 -124.581916 -12.921695 -58.905951 -38.582166 -13.358764 -32.075947 -73.216888 42.119956 61.818991 88.866962 -30.497795 17.614446 -64.903134 -9.149620 -64.284335 30.938975 12.768884 -38.084917 -9.958018 -3.442770 -18.809877 55.697458 -12.340668 -29.712232 -25.572194 40.225874 34.029223 -66.296135 29.166432 3.774859 -87.813246 54.208350 40.128946 -12.120004 15.290788 -48.970204 53.485764 -67.500458 5.929174 28.408304 -16.489266 -9.546358 64.503471 75.074566 -102.396759 -43.898331 -33.959153 -48.352802 141.338470 -35.004752 13.396027 47.021534 0.925071 11.312097 29.731802 5.814757 -121.104123 -72.355580 -46.170929 7.887191 -169.247162 1.900862 49.159773 60.925082 14.326304 7.345782 -18.775922 -45.511186 -116.912931 -74.530656 -32.758134 31.524674 155.270363 37.849277 48.606353 41.595870 22.385590 16.338899 -3.239165 -28.838363 139.055853 62.146990 4.533719 -33.831954 -153.027014 24.060313 -58.420202 -39.657101 5.147921 -26.613112 24.104894 -44.383120 94.236751 31.970050 -5.738766 -34.573932 -123.106256 70.238488 -46.596524 -48.111834 16.295683 -18.746350 48.969398 -25.196834 33.815683 15.483863 -24.786501 -23.524356 22.113428 59.636948 53.443321 -34.138468 23.488623 -4.476764 
-0.081935 0.147757 0.620861 0.823658 -3.654739 -0.100065 -0.612116 1.228467 -0.062518 13.488201 1.677850 -7.426493 8.643499 -4.803531 -13.376792 8.448638 -7.729850 -1.589427 10.150008 -16.674275 -1.636787 -4.897190 -8.454796 12.089934 -19.452522 1.509983 -2.726994 -22.489322 25.236428 -13.181933 31.260945 49.119468 -9.742663 -3.856706 -2.427615 146.622399 79.915638 4.562578 -22.698117 -124.252777 -12.975750 -58.536040 -38.540753 -13.433341 -31.667564 -72.822197 42.157820 61.903732 88.858590 -30.467857 17.538205 -64.641504 -9.240592 -64.097522 30.938975 12.768884 -38.084917 -11.019892 -3.519389 -19.358310 55.692587 -12.301834 -29.619402 -25.572194 40.225874 34.029223 -66.296212 29.166497 3.774786 -89.159627 52.918874 39.469346 -12.423360 15.973201 -49.408910 52.022128 -65.653116 8.733793 27.609742 -15.753966 -8.142049 64.028070 72.487577 -105.148295 -43.588441 -33.562395 -48.331407 144.941309 -36.220213 11.402606 49.091018 0.554693 11.029137 29.005148 3.796695 -122.611329 -72.379034 -46.176386 7.906453 -169.316327 1.934273 49.168935 60.874703 14.323051 7.338278 -14.033039 -44.083340 -121.626273 -74.433807 -32.745120 31.414952 160.261757 36.367651 51.509649 44.637460 23.567650 17.557421 -2.848021 -31.328583 139.117594 62.221612 4.484239 -33.921159 -152.625679 24.189235 -57.791038 -39.445738 5.110941 -26.266094 25.668712 -46.433035 92.983079 32.068372 -5.921186 -34.787348 -120.503632 70.268105 -43.489709 -47.558241 16.131523 -18.129645 48.237102 -25.312884 34.858090 15.510684 -24.177202 -23.581356 22.907446 61.095892 53.204695 -34.969254 24.017126 -5.525568 
-0.084418 0.147757 0.639676 0.823658 -3.654739 -0.100065 -0.792023 1.228237 -0.251353 13.628908 1.711955 -7.496505 9.204689 -5.018473 -13.399806 8.375201 -7.707053 -1.584307 10.300986 -16.677485 -1.633931 -5.040561 -8.330925 12.056187 -19.489973 1.600888 -2.806938 -22.489324 25.236428 -13.181933 31.260946 49.119468 -9.742663 -3.580872 -0.073857 144.996975 79.945565 4.573470 -22.664593 -123.829556 -13.049033 -58.061405 -38.489447 -13.528934 -31.142480 -72.426256 42.194752 61.991582 88.850076 -30.437902 17.462003 -64.380075 -9.332580 -63.910996 30.938975 12.768884 -38.084917 -12.077160 -3.601460 -19.910847 55.687735 -12.262943 -29.526495 -25.572194 40.225874 34.029223 -66.296212 29.166497 3.774786 -90.518443 51.540776 38.839679 -12.736680 16.659859 -49.856527 50.785443 -63.676309 11.385034 26.782687 -14.957594 -6.667730 63.385190 69.990200 -108.042409 -43.275568 -33.164775 -48.292053 148.328541 -37.241778 9.462054 50.971794 0.227533 10.749999 28.245253 1.763532 -124.144990 -72.434995 -46.189680 7.953817 -169.482997 2.015097 49.190378 60.752149 14.315113 7.320016 -10.464366 -42.290204 -125.382330 -74.316328 -32.732647 31.289712 164.098400 35.043328 53.634750 47.092472 24.508575 18.506267 -2.382999 -33.800628 139.072275 62.309215 4.426362 -34.025853 -152.150402 24.336811 -57.040396 -39.193606 5.065105 -25.851833 27.428849 -48.273461 91.516444 32.172080 -6.114260 -35.013520 -117.701188 70.256066 -40.146746 -46.961124 15.947452 -17.470005 47.520251 -25.344521 35.877579 15.537673 -23.572815 -23.635705 23.713685 62.541672 52.991735 -35.805962 24.524580 -6.577717 
-0.086901 0.147757 0.658489 0.823658 -3.654739 -0.100065 -0.971922 1.228234 -0.440142 13.769674 1.746152 -7.565427 9.765750 -5.233877 -13.426399 8.301808 -7.684164 -1.579341 10.451752 -16.680677 -1.630769 -5.184008 -8.207063 12.022527 -19.527620 1.691720 -2.886959 -22.489326 25.236428 -13.181934 31.260947 49.119468 -9.742664 -3.237009 2.308188 143.413388 79.981431 4.586467 -22.624547 -123.321468 -13.143923 -57.491334 -38.430383 -13.645032 -30.509185 -72.028560 42.229221 62.082431 88.841573 -30.408064 17.385825 -64.118805 -9.425362 -63.724781 30.938975 12.768884 -38.084917 -13.130028 -3.689282 -20.467456 55.682948 -12.224134 -29.433591 -25.572194 40.225874 34.029223 -66.296212 29.166497 3.774786 -91.845165 50.091977 38.279926 -13.050728 17.333294 -50.300281 49.765395 -61.590359 13.880197 25.938436 -14.105516 -5.137678 62.675380 67.530008 -111.018399 -42.965245 -32.770802 -48.241501 151.591182 -38.119195 7.541908 52.731192 -0.070600 10.470987 27.430837 -0.218983 -125.648177 -72.522837 -46.210421 8.028408 -169.748865 2.144056 49.224608 60.556511 14.302355 7.290902 -7.404058 -40.267117 -128.674470 -74.191611 -32.719622 31.157852 167.452721 33.741391 55.415813 49.327419 25.329054 19.372118 -1.841912 -36.183052 138.906620 62.409613 4.360317 -34.145795 -151.606244 24.496199 -56.178862 -38.906220 5.010560 -25.379211 29.340741 -49.963621 89.870420 32.277870 -6.314712 -35.248101 -114.704834 70.200021 -36.577189 -46.317678 15.741175 -16.768650 46.844363 -25.267711 36.843129 15.563503 -22.978270 -23.685430 24.538535 63.918078 52.830020 -36.607163 24.993703 -7.595362 
-0.089383 0.147757 0.677303 0.823658 -3.654739 -0.100065 -1.151857 1.228278 -0.628879 13.910264 1.780914 -7.635192 10.326636 -5.449652 -13.456581 8.228387 -7.661313 -1.574355 10.602604 -16.683877 -1.627652 -5.327444 -8.083202 11.988763 -19.565504 1.782552 -2.966876 -22.489328 25.236427 -13.181934 31.260948 49.119468 -9.742664 -2.786770 4.739751 141.851581 80.022197 4.601275 -22.578800 -122.710203 -13.251685 -56.801115 -38.356090 -13.777124 -29.741739 -71.629610 42.262649 62.176523 88.832939 -30.378350 17.309674 -63.857749 -9.518963 -63.538957 30.938975 12.768884 -38.084917 -14.178169 -3.782891 -21.028155 55.678259 -12.185207 -29.340727 -25.572194 40.225874 34.029223 -66.296212 29.166497 3.774786 -93.174690 48.553724 37.764610 -13.372585 18.005464 -50.749934 48.936012 -59.366695 16.270386 25.070144 -13.184911 -3.533898 61.828214 65.088354 -114.155240 -42.659499 -32.382640 -48.181952 154.710734 -38.862725 5.662280 54.366648 -0.339739 10.194737 26.568636 -2.189705 -127.138428 -72.642204 -46.238564 8.130237 -170.106055 2.317390 49.269529 60.293257 14.285027 7.251798 -4.932218 -38.029931 -131.458604 -74.054010 -32.706723 31.016356 170.267412 32.539028 56.839041 51.270787 26.031846 20.102184 -1.214944 -38.513604 138.610809 62.521407 4.287115 -34.279307 -150.997127 24.662031 -55.212679 -38.586560 4.947010 -24.852961 31.476574 -51.490043 87.986861 32.390474 -6.530130 -35.497197 -111.488591 70.078410 -32.742876 -45.620379 15.508460 -16.013975 46.193665 -25.096286 37.776448 15.587743 -22.383004 -23.730145 25.399608 65.260419 52.716727 -37.393871 25.438545 -8.601709 
-0.091866 0.147757 0.696117 0.823658 -3.654739 -0.100065 -1.327446 1.251000 -0.770496 14.044749 1.805236 -7.755148 10.887407 -5.665777 -13.490321 8.154976 -7.638457 -1.569338 10.753295 -16.686944 -1.624186 -5.471093 -7.959303 11.954939 -19.603559 1.873308 -3.046859 -22.489329 25.236427 -13.181935 31.260949 49.119468 -9.742664 -2.282445 7.140455 140.273514 80.065227 4.616805 -22.530680 -122.019617 -13.369144 -56.017810 -38.268979 -13.919503 -28.869476 -71.229509 42.242598 62.281213 88.824161 -30.348762 17.233581 -63.596907 -9.613381 -63.353520 30.938975 12.768884 -38.084917 -15.223385 -3.916824 -21.632387 55.673634 -12.146363 -29.247866 -25.572194 40.225874 34.029223 -66.296212 29.166497 3.774786 -94.515034 46.819833 37.335003 -13.688339 18.643287 -51.185760 48.254487 -56.892683 18.671544 24.141894 -12.144443 -1.770538 60.828512 62.688322 -117.479920 -42.366881 -32.010008 -48.118483 157.652520 -39.480119 3.856146 55.873013 -0.581310 9.927915 25.639847 -4.154355 -128.665269 -72.800740 -46.275243 8.263731 -170.576851 2.545677 49.327157 59.946683 14.261960 7.200434 -2.816711 -35.706043 -133.986433 -73.917270 -32.694108 30.876900 172.701432 31.414632 58.017827 53.003916 26.637690 20.750554 -0.408881 -40.831219 138.088986 62.650420 4.203102 -34.433298 -150.292088 24.837758 -54.091317 -38.217816 4.869901 -24.245126 33.836569 -52.831827 85.836659 32.508336 -6.754690 -35.758260 -108.202192 69.874906 -28.812602 -44.898975 15.257444 -15.232129 45.598611 -24.790258 38.603520 15.613412 -21.796892 -23.773892 26.280325 66.583583 52.641400 -38.180957 25.863298 -9.604688 
-0.094349 0.147757 0.714932 0.823658 -3.654739 -0.100065 -1.511645 1.227889 -1.006504 14.191403 1.851183 -7.773380 11.448101 -5.882216 -13.527659 8.081570 -7.615579 -1.564389 10.903938 -16.690093 -1.620676 -5.614731 -7.835411 11.921008 -19.641843 1.964029 -3.126835 -22.489331 25.236427 -13.181935 31.260950 49.119468 -9.742665 -1.617723 9.680170 138.913156 80.115091 4.634772 -22.474870 -121.210733 -13.518401 -55.099695 -38.168689 -14.085380 -27.844376 -70.830014 42.324062 62.372091 88.815396 -30.319293 17.157513 -63.336232 -9.708726 -63.168405 30.938975 12.768884 -38.084917 -16.260002 -3.988507 -22.161330 55.669044 -12.107480 -29.155028 -25.572194 40.225874 34.029223 -66.296212 29.166497 3.774786 -95.836789 45.170509 36.898571 -13.998542 19.252236 -51.609372 47.777597 -54.380158 20.895052 23.237763 -11.072070 -0.008327 59.877222 60.249840 -120.733417 -42.086623 -31.652489 -48.051316 160.418505 -39.990109 2.131090 57.256411 -0.798137 9.671117 24.688868 -5.992726 -129.971807 -72.975629 -46.315457 8.411908 -171.099854 2.799991 49.388533 59.560507 14.235885 7.143371 -1.111648 -33.163844 -136.020729 -73.781431 -32.681571 30.739228 174.838625 30.365249 59.010344 54.568817 27.175895 21.329656 0.352188 -42.895076 137.571989 62.778656 4.120057 -34.586272 -149.585657 24.996816 -52.963139 -37.849589 4.788815 -23.637251 36.286642 -54.026496 83.627640 32.630586 -6.989564 -36.031729 -104.719943 69.586058 -24.640076 -44.114887 14.973437 -14.394389 45.038727 -24.435813 39.447192 15.636907 -21.244025 -23.811515 27.167325 67.801133 52.633281 -38.906992 26.242399 -10.538928 
-0.096832 0.147757 0.733744 0.823658 -3.654739 -0.100065 -1.691517 1.228556 -1.195264 14.331962 1.886686 -7.841802 12.008752 -6.098874 -13.568640 8.008170 -7.592715 -1.559416 11.054502 -16.693161 -1.616948 -5.758440 -7.711534 11.887054 -19.680338 2.054745 -3.206695 -22.489332 25.236427 -13.181936 31.260951 49.119468 -9.742665 -0.888343 12.150157 137.445575 80.170429 4.654613 -22.413028 -120.325158 -13.700718 -54.097175 -38.065632 -14.268184 -26.720486 -70.429380 42.351961 62.473584 88.806502 -30.289948 17.081470 -63.075816 -9.804824 -62.983592 30.938975 12.768884 -38.084917 -17.293347 -4.100727 -22.733813 55.664491 -12.068559 -29.062213 -25.572194 40.225874 34.029223 -66.296212 29.166497 3.774786 -97.339639 43.070303 36.523016 -14.293159 19.799520 -52.005861 47.407366 -51.184108 23.470911 22.152231 -9.688924 2.208363 58.804464 57.733228 -124.255722 -41.816906 -31.308110 -47.980665 163.029109 -40.410725 0.483200 58.536813 -0.994849 9.423429 23.605501 -8.001496 -131.426519 -73.209395 -46.368627 8.610451 -171.796073 3.139965 49.467075 59.048661 14.200755 7.068011 0.370755 -30.590081 -138.052621 -73.647860 -32.669692 30.605328 176.663996 29.414183 59.821461 55.936851 27.634713 21.828367 1.478859 -45.147700 136.713079 62.934331 4.019895 -34.771875 -148.688349 25.178777 -51.513024 -37.378184 4.679020 -22.857709 38.917744 -55.003911 81.202188 32.751128 -7.222904 -36.302310 -101.241327 69.218766 -20.459656 -43.304386 14.668067 -13.541943 44.464833 -23.888348 40.280659 15.661170 -20.636520 -23.847593 28.215472 69.108680 52.703319 -39.688367 26.639365 -11.556152 
-0.099315 0.147757 0.752562 0.823658 -3.654739 -0.100065 -1.868141 1.228056 -1.382716 14.469613 1.921851 -7.908962 12.558020 -6.311932 -13.611146 7.936315 -7.570041 -1.554591 11.203946 -16.695389 -1.612945 -5.899935 -7.589620 11.853675 -19.718543 2.143540 -3.285431 -22.489333 25.236427 -13.181936 31.260952 49.119468 -9.742665 0.232938 14.869147 137.685404 80.231478 4.676443 -22.344748 -119.244025 -13.915043 -52.869611 -37.931464 -14.473636 -25.340531 -70.027508 42.378669 62.578187 88.797530 -30.260656 17.005489 -62.815530 -9.901906 -62.799168 30.938975 12.768884 -38.084917 -18.321626 -4.219472 -23.310123 55.660063 -12.029643 -28.969417 -25.572194 40.225874 34.029223 -66.296212 29.166497 3.774786 -96.998651 43.670325 36.493759 -14.257846 19.737198 -51.958837 47.444604 -51.628328 23.127109 22.299025 -9.882329 1.902532 57.334400 56.468056 -126.750874 -41.658823 -31.105637 -47.937439 164.591774 -40.631335 -0.510364 59.296918 -1.107563 9.274447 23.292715 -7.668008 -131.184628 -73.189189 -46.364108 8.593248 -171.734089 3.109673 49.460159 59.093759 14.203875 7.074643 1.414112 -28.113995 -138.104506 -73.507703 -32.656927 30.465026 178.324775 28.501752 60.526210 57.205704 28.052051 22.277435 0.639636 -44.420479 136.833230 62.872345 4.059690 -34.697995 -149.049454 25.107900 -52.100037 -37.568697 4.724209 -23.172949 41.554576 -55.818917 78.707057 32.880854 -7.474708 -36.595522 -97.626940 68.723368 -16.084640 -42.430642 14.324622 -12.624263 44.724563 -23.839148 39.971705 15.656928 -20.739303 -23.841522 28.032154 68.887645 52.685907 -39.555968 26.573100 -11.383430 
-0.101798 0.147757 0.771374 0.823658 -3.654739 -0.100065 -1.726726 1.227346 -1.442546 14.329111 1.886031 -7.840665 11.996267 -6.148258 -13.453456 8.015077 -7.572625 -1.550906 11.251624 -16.624203 -1.595839 -5.811970 -7.664490 11.879170 -19.712632 2.050709 -3.244130 -22.489333 25.236427 -13.181936 31.260952 49.119468 -9.742665 1.725916 17.592272 139.292909 80.298105 4.700178 -22.270222 -118.013541 -14.175832 -51.476308 -37.778925 -14.698483 -23.765740 -69.620760 42.403175 62.686303 88.788366 -30.231178 16.928778 -62.552928 -10.000681 -62.613307 30.938975 12.768884 -38.084917 -19.354801 -4.346029 -23.896083 55.655652 -11.990367 -28.875776 -25.572194 40.225874 34.029223 -66.296212 29.166497 3.774786 -95.249266 46.284171 36.772003 -13.956596 19.172868 -51.552581 47.834463 -54.734400 20.592891 23.362225 -11.223572 -0.254567 55.566028 56.219869 -128.395687 -41.580990 -31.005786 -47.915647 165.332522 -40.730182 -0.984240 59.650665 -1.160183 9.201526 23.587643 -5.556383 -129.666724 -72.983356 -46.317245 8.418617 -171.121985 2.810853 49.391020 59.544581 14.234806 7.141026 2.108169 -25.853432 -136.674986 -73.388587 -32.645947 30.346180 179.767962 27.690313 61.123645 58.331565 28.415987 22.688069 -1.480565 -41.361418 137.488414 62.650078 4.203313 -34.432876 -150.296720 24.835127 -54.102108 -38.221941 4.870786 -24.251929 44.075149 -56.430012 76.277269 33.008057 -7.725027 -36.885411 -94.093275 68.130681 -11.777467 -41.531699 13.957018 -11.693300 45.598560 -24.146008 38.813857 15.631566 -21.379711 -23.803126 26.942847 67.503868 52.628872 -38.729522 26.151176 -10.309890 
-0.104281 0.147757 0.790186 0.823658 -3.654739 -0.100065 -1.585357 1.227583 -1.502452 14.188692 1.850292 -7.771276 11.435043 -5.982551 -13.298435 8.093829 -7.575246 -1.547084 11.299271 -16.552995 -1.578806 -5.724030 -7.739383 11.904568 -19.706824 1.957912 -3.202745 -22.489332 25.236427 -13.181936 31.260952 49.119468 -9.742665 3.444717 20.322818 140.956707 80.368034 4.725029 -22.191903 -116.624145 -14.490610 -49.904120 -37.606942 -14.942295 -21.979322 -70.061965 42.376742 62.569220 88.798346 -30.263164 17.012068 -62.838008 -9.893500 -62.815124 30.938975 12.768884 -38.084917 -18.233054 -4.208904 -23.260241 55.651401 -11.951825 -28.783669 -25.572194 40.225874 34.029223 -66.296212 29.166497 3.774786 -93.632406 48.580259 37.109041 -13.644494 18.556839 -51.125648 48.338529 -57.247764 18.342289 24.272081 -12.294106 -2.021196 53.739716 55.834117 -130.212866 -41.494354 -30.895435 -47.889588 166.145596 -40.834687 -1.506391 60.036298 -1.218152 9.121828 23.775274 -3.566027 -128.227047 -72.831147 -46.282440 8.290276 -170.667406 2.589674 49.337329 59.879473 14.257444 7.190488 2.714634 -23.531825 -135.288024 -73.267029 -32.634631 30.225158 -178.954505 26.935686 61.627115 59.342285 28.736726 23.041387 -3.151302 -38.314958 137.693257 62.463536 4.324968 -34.210202 -151.309991 24.578652 -55.708883 -38.750773 4.980036 -25.123379 46.795038 -56.875095 73.661342 33.138119 -7.981583 -37.181012 -90.508362 67.408575 -7.372927 -40.566146 13.546745 -10.709649 46.425484 -24.293227 37.712802 15.605851 -21.975212 -23.761238 26.007252 66.180190 52.660241 -37.940623 25.735233 -9.298056 
-0.106763 0.147757 0.808998 0.823658 -3.654739 -0.100065 -1.443974 1.226668 -1.562266 14.048094 1.815124 -7.702726 10.874485 -5.814872 -13.146115 8.172593 -7.577776 -1.543399 11.346991 -16.481786 -1.561648 -5.636096 -7.814292 11.929984 -19.701087 1.865116 -3.161364 -22.489332 25.236427 -13.181936 31.260951 49.119468 -9.742665 5.462584 22.943943 142.886360 80.440389 4.750580 -22.110991 -115.076698 -14.859720 -48.169737 -37.406492 -15.194560 -19.997800 -70.506880 42.347204 62.454007 88.808228 -30.295589 17.096218 -63.126261 -9.786133 -63.019400 30.938975 12.768884 -38.084917 -17.093537 -4.078479 -22.622573 55.647139 -11.912803 -28.690737 -25.572194 40.225874 34.029223 -66.296212 29.166497 3.774786 -91.945703 50.831367 37.557008 -13.331371 17.921486 -50.692762 49.031396 -59.657070 15.972226 25.181948 -13.305865 -3.741263 51.879362 55.504750 -131.981210 -41.418011 -30.797811 -47.866746 166.863508 -40.922116 -1.968274 60.376037 -1.268114 9.050451 23.969907 -1.496896 -126.732023 -72.700940 -46.252278 8.180124 -170.278452 2.400444 49.290087 60.166625 14.276635 7.233014 3.184512 -21.275913 -133.787791 -73.154027 -32.623819 30.112528 -177.880887 26.277635 62.032439 60.203570 29.004389 23.335595 -4.574726 -35.079528 137.606666 62.298703 4.433295 -34.013310 -152.208675 24.319367 -57.132137 -39.224429 5.070809 -25.902496 49.568469 -57.134463 70.999667 33.271185 -8.242202 -37.482136 -87.109423 66.569081 -3.139397 -39.584971 13.112379 -9.715653 47.273864 -24.361510 36.572580 15.578889 -22.591894 -23.714296 25.091943 64.788618 52.751586 -37.116362 25.283877 -8.247686 
-0.109247 0.147757 0.827816 0.823658 -3.654739 -0.100065 -1.302579 1.226901 -1.622117 13.907550 1.780040 -7.633083 10.314489 -5.645261 -12.996459 8.251333 -7.580358 -1.539582 11.394774 -16.410524 -1.544555 -5.548298 -7.889194 11.955379 -19.695454 1.772354 -3.119898 -22.489332 25.236427 -13.181936 31.260951 49.119468 -9.742665 7.822591 25.536751 145.079842 80.514766 4.776720 -22.027840 -113.341311 -15.303671 -46.228898 -37.178498 -15.463750 -17.764497 -70.951082 42.315575 62.341771 88.818053 -30.328202 17.180408 -63.414717 -9.679907 -63.224125 30.938975 12.768884 -38.084917 -15.947716 -3.955920 -21.989652 55.642956 -11.873883 -28.597906 -25.572194 40.225874 34.029223 -66.296212 29.166497 3.774786 -90.209207 52.997964 38.111912 -13.010285 17.249347 -50.243630 49.881215 -61.857383 13.575937 26.045386 -14.215564 -5.332200 49.953382 55.131241 -133.821837 -41.342368 -30.700651 -47.844315 167.578084 -41.003861 -2.428520 60.713062 -1.317630 8.979413 24.123825 0.602431 -125.224739 -72.605944 -46.230059 8.099330 -169.995440 2.263403 49.255530 60.375180 14.290435 7.263954 3.560883 -18.961885 -132.238621 -73.054514 -32.614050 30.013301 -176.945955 25.695123 62.377033 60.963204 29.238158 23.598001 -5.757289 -31.699841 137.223690 62.160799 4.524546 -33.848459 -152.949976 24.086425 -58.297898 -39.615403 5.140730 -26.544671 52.432917 -57.219582 68.257107 33.401455 -8.501931 -37.780449 -83.746561 65.591732 1.098121 -38.540217 12.632886 -8.677400 48.135727 -24.326759 35.403313 15.552743 -23.220011 -23.665184 24.200080 63.361559 52.891244 -36.283290 24.805638 -7.183287 
-0.111729 0.147757 0.846628 0.823658 -3.654739 -0.100065 -1.161231 1.226181 -1.681967 13.766829 1.745522 -7.564282 9.755091 -5.473740 -12.849556 8.330055 -7.582975 -1.535731 11.442524 -16.339239 -1.527534 -5.460430 -7.964130 11.980704 -19.689958 1.679665 -3.078264 -22.489332 25.236427 -13.181936 31.260951 49.119468 -9.742665 10.728415 28.030075 147.675031 80.592997 4.804128 -21.940296 -111.307760 -15.855747 -44.005841 -36.887897 -15.746098 -15.186184 -71.393298 42.282258 62.233516 88.827797 -30.360863 17.264672 -63.703503 -9.574729 -63.429238 30.938975 12.768884 -38.084917 -14.795795 -3.841136 -21.361504 55.638855 -11.834829 -28.505015 -25.572194 40.225874 34.029223 -66.296212 29.166497 3.774786 -88.423239 55.075612 38.771097 -12.701334 16.584727 -49.806463 50.911591 -63.902543 11.097979 26.876499 -15.049836 -6.836444 47.994325 54.753995 -135.670347 -41.272138 -30.610232 -47.823376 168.238522 -41.075806 -2.855450 61.023903 -1.363265 8.913755 24.261890 2.695545 -123.735516 -72.542237 -46.214952 8.044543 -169.804725 2.171043 49.231845 60.515289 14.299649 7.284771 3.824518 -16.661674 -130.658969 -72.972940 -32.605566 29.931384 -176.182369 25.213179 62.652445 61.589576 29.429165 23.816047 -6.728883 -28.238978 136.613130 62.048976 4.598944 -33.714735 -153.539419 23.891914 -59.214239 -39.924133 5.192759 -27.051203 55.308282 -57.115594 65.518136 33.529304 -8.758517 -38.075442 -80.539870 64.487559 5.199944 -37.458467 12.117976 -7.619601 48.984191 -24.205895 34.244671 15.525757 -23.839005 -23.612068 23.358432 61.909979 53.081493 -35.439380 24.304333 -6.116424 
-0.114212 0.147757 0.865440 0.823658 -3.654739 -0.100065 -1.019847 1.225608 -1.741878 13.626072 1.711331 -7.495359 9.196267 -5.300359 -12.705389 8.408777 -7.585551 -1.531823 11.490255 -16.267985 -1.510393 -5.372620 -8.039056 12.006032 -19.684498 1.586942 -3.036717 -22.489331 25.236427 -13.181935 31.260951 49.119468 -9.742665 14.145999 30.392185 150.717086 80.673712 4.832192 -21.850140 -109.043709 -16.540656 -41.542955 -36.561320 -16.054826 -12.297011 -71.835144 42.245982 62.128024 88.837338 -30.393718 17.348985 -63.992441 -9.470478 -63.634843 30.938975 12.768884 -38.084917 -13.637916 -3.733838 -20.738304 55.634712 -11.795799 -28.412029 -25.572194 40.225874 34.029223 -66.296212 29.166497 3.774786 -86.505748 57.119705 39.589077 -12.390586 15.901493 -49.361894 52.161176 -65.848510 8.453756 27.692538 -15.831902 -8.289706 45.990925 54.366176 -137.534452 -41.206037 -30.525154 -47.803296 168.864391 -41.140379 -3.260112 61.317245 -1.405542 8.852059 24.378462 4.842204 -122.229491 -72.511798 -46.207678 8.018161 -169.712781 2.125755 49.220510 60.583856 14.304145 7.294969 4.022114 -14.344408 -129.056994 -72.904315 -32.598840 29.863333 -175.552187 24.810003 62.876169 62.111553 29.586858 23.998926 -7.537718 -24.642378 135.799596 61.964061 4.655688 -33.613133 -153.978510 23.741289 -59.891677 -40.153669 5.229627 -27.427492 58.181118 -56.844756 62.789422 33.655929 -9.015599 -38.370433 -77.500151 63.244752 9.165883 -36.335947 11.563250 -6.534130 49.851344 -23.991030 33.051752 15.497675 -24.472312 -23.554062 22.521290 60.389879 53.316843 -34.564468 23.763096 -5.015853 
-0.116695 0.147757 0.884259 0.823658 -3.654739 -0.100065 -0.878485 1.225684 -1.801666 13.485349 1.677231 -7.425343 8.637992 -5.125157 -12.563948 8.487488 -7.588154 -1.527879 11.538088 -16.196764 -1.493357 -5.284967 -8.113980 12.031336 -19.679177 1.494291 -2.995001 -22.489331 25.236427 -13.181935 31.260950 49.119468 -9.742665 18.808536 32.646700 154.636006 80.763340 4.863268 -21.749826 -106.078675 -17.498690 -38.459565 -36.061979 -16.398646 -8.653526 -72.276236 42.207754 62.025679 88.846894 -30.426685 17.433325 -64.281748 -9.367362 -63.840796 30.938975 12.768884 -38.084917 -12.474224 -3.633838 -20.119904 55.630726 -11.756812 -28.319261 -25.572194 40.225874 34.029223 -66.296212 29.166497 3.774786 -84.493636 59.100095 40.537898 -12.093089 15.230706 -48.931166 53.628927 -67.659114 5.670012 28.477570 -16.551663 -9.668247 43.912586 53.938610 -139.469534 -41.143255 -30.444021 -47.784418 169.463833 -41.198507 -3.647974 61.597966 -1.445492 8.792274 24.476910 6.963658 -120.767659 -72.513206 -46.208001 8.019277 -169.716370 2.127367 49.221037 60.580567 14.303929 7.294479 4.117459 -11.982727 -127.443140 -72.851660 -32.593771 29.811470 -175.076556 24.500958 63.041894 62.507996 29.705483 24.137416 -8.184042 -21.009515 134.819062 61.910929 4.691304 -33.549540 -154.252677 23.643960 -60.314193 -40.297331 5.251917 -27.662881 61.078112 -56.370651 60.065151 33.779197 -9.268792 -38.659332 -74.550658 61.827399 13.088628 -35.136824 10.950239 -5.397550 50.705550 -23.698944 31.866966 15.470039 -25.100323 -23.493910 21.709817 58.855900 53.585217 -33.694304 23.199274 -3.921538 
-0.119178 0.147757 0.903071 0.823658 -3.654739 -0.100065 -0.737129 1.225407 -1.861469 13.344469 1.643694 -7.356176 8.080291 -4.948160 -12.425317 8.566199 -7.590706 -1.523980 11.585939 -16.125401 -1.476348 -5.197289 -8.188943 12.056665 -19.673959 1.401679 -2.953200 -22.489330 25.236427 -13.181935 31.260950 49.119468 -9.742664 24.457247 34.568804 159.411410 80.857564 4.895668 -21.644638 -102.625215 -18.744389 -34.943958 -35.433344 -16.776194 -4.467151 -72.715318 42.168006 61.927372 88.856324 -30.459770 17.517691 -64.571069 -9.265271 -64.047317 30.938975 12.768884 -38.084917 -11.304872 -3.540888 -19.506559 55.626842 -11.717804 -28.226361 -25.572194 40.225874 34.029223 -66.296212 29.166497 3.774786 -82.283694 61.032703 41.716127 -11.799993 14.554004 -48.501662 55.398058 -69.397259 2.614796 29.256535 -17.236246 -11.021338 41.875259 53.536330 -141.312649 -41.088117 -30.372412 -47.768134 169.990231 -41.246704 -3.989172 61.843784 -1.480694 8.739962 24.559963 9.131972 -119.306665 -72.547065 -46.216014 8.048448 -169.819118 2.177602 49.233573 60.505215 14.298992 7.283279 4.180834 -9.711496 -125.876068 -72.809187 -32.589527 29.769517 -174.735438 24.274378 63.156207 62.792233 29.789268 24.233127 -8.694010 -17.337207 133.731917 61.887805 4.706830 -33.521852 -154.370796 23.601279 -60.495924 -40.359168 5.261328 -27.764175 63.785337 -55.767548 57.524297 33.895728 -9.509351 -38.932528 -71.897173 60.320352 16.710810 -33.938936 10.315670 -4.277174 51.572556 -23.314808 30.655541 15.442316 -25.736765 -23.430423 20.897877 57.239388 53.896716 -32.787309 22.586730 -2.787960 
-0.121661 0.147757 0.921882 0.823658 -3.654739 -0.100065 -0.595754 1.224678 -1.921331 13.203637 1.610254 -7.285918 7.523140 -4.769401 -12.289481 8.644885 -7.593312 -1.519949 11.633720 -16.054187 -1.459263 -5.109539 -8.263932 12.081925 -19.668811 1.309063 -2.911400 -22.489329 25.236427 -13.181935 31.260949 49.119468 -9.742664 31.874037 35.721564 165.372189 80.973963 4.935509 -21.514447 -98.167427 -20.572033 -30.764944 -34.498718 -17.227785 0.561548 -73.153630 42.126402 61.832304 88.865608 -30.492974 17.602123 -64.860886 -9.164227 -64.254134 30.938975 12.768884 -38.084917 -10.129937 -3.454805 -18.898207 55.622999 -11.678768 -28.133523 -25.572194 40.225874 34.029223 -66.296212 29.166497 3.774786 -79.904282 62.830100 43.137855 -11.520100 13.895006 -48.086686 57.448282 -71.004955 -0.652486 30.002210 -17.865261 -12.305341 39.997798 53.217098 -142.933246 -41.045484 -30.317376 -47.754848 170.395400 -41.282372 -4.252208 62.032996 -1.507077 8.699282 24.619348 11.266672 -117.907388 -72.612814 -46.231478 8.104232 -170.014932 2.273031 49.257643 60.360481 14.289471 7.261778 4.162412 -7.681874 -124.453476 -72.783039 -32.586613 29.742999 -174.536352 24.139960 63.221276 62.957968 29.838154 24.287160 -9.004050 -13.791657 132.632011 61.894542 4.702300 -33.529916 -154.334375 23.614515 -60.439772 -40.340140 5.258449 -27.733015 66.097781 -55.103799 55.361870 33.993879 -9.714692 -39.164343 -69.650616 58.839291 19.851045 -32.818562 9.704315 -3.249236 52.429803 -22.852102 29.448752 15.414996 -26.367829 -23.364874 20.097467 55.599435 54.233416 -31.880408 21.945425 -1.655939 
-0.124144 0.147757 0.940701 0.823658 -3.654739 -0.100065 -0.453564 1.225099 -1.979200 13.062661 1.577374 -7.216513 6.966529 -4.588954 -12.156434 8.723584 -7.595852 -1.515959 11.681653 -15.982887 -1.442237 -5.021944 -8.338910 12.107161 -19.663767 1.216489 -2.869515 -22.489328 25.236427 -13.181934 31.260949 49.119468 -9.742664 29.602016 35.013708 165.051472 80.938872 4.923526 -21.553692 -99.487101 -19.994780 -31.969706 -34.779479 -17.087969 -0.905882 -73.590272 42.082438 61.740877 88.874830 -30.526363 17.686599 -65.150795 -9.064233 -64.461402 30.938975 12.768884 -38.084917 -8.949657 -3.375388 -18.294856 55.619130 -11.639775 -28.040689 -25.572194 40.225874 34.029223 -66.296212 29.166497 3.774786 -77.393829 63.769995 45.199614 -11.268948 13.290860 -47.709846 59.690921 -72.417788 -3.993692 30.683865 -18.418537 -13.469606 40.278980 54.112810 -141.807105 -41.103350 -30.392427 -47.772299 169.844536 -41.234157 -3.894690 61.775141 -1.471141 8.753918 24.633411 13.418150 -116.543905 -72.710322 -46.254158 8.186600 -170.303969 2.413243 49.293232 60.146891 14.275325 7.230091 4.429805 -8.470480 -124.317844 -72.774811 -32.585811 29.734903 -174.475503 24.099047 63.241577 63.008089 29.853602 24.303645 -8.757152 -11.514772 132.278184 61.916066 4.687851 -33.555694 -154.224126 23.654124 -60.270246 -40.282316 5.249622 -27.638294 64.709757 -55.633031 56.389747 33.961590 -9.646846 -39.088360 -70.369659 59.338384 18.835939 -33.189716 9.909043 -3.588890 53.324138 -22.258398 28.194483 15.388641 -27.000597 -23.297749 19.286119 53.878946 54.606168 -30.943022 21.251593 -0.489640 
-0.126627 0.147757 0.959513 0.823658 -3.654739 -0.100065 -0.271439 1.225666 -1.941406 12.921719 1.544596 -7.146017 6.410443 -4.406816 -12.026235 8.802254 -7.598481 -1.511847 11.729512 -15.911607 -1.425190 -4.934411 -8.413889 12.132400 -19.658827 1.123953 -2.827546 -22.489326 25.236427 -13.181934 31.260947 49.119468 -9.742664 22.496349 32.968116 161.562075 80.825243 4.884567 -21.680745 -103.807196 -18.307471 -36.132194 -35.659413 -16.654251 -5.874637 -74.025219 42.036157 61.653161 88.883917 -30.559870 17.771116 -65.440886 -8.965260 -64.669138 30.938975 12.768884 -38.084917 -7.764348 -3.302354 -17.696605 55.615448 -11.600710 -27.947891 -25.572194 40.225874 34.029223 -66.296135 29.166432 3.774859 -74.925026 64.070207 47.558136 -11.044202 12.739694 -47.368839 62.073358 -73.643440 -7.359652 31.297233 -18.899316 -14.510908 41.919614 55.722403 -138.969980 -41.228792 -30.554150 -47.810686 168.652124 -41.118980 -3.122119 61.216978 -1.391076 8.872642 24.603101 15.506046 -115.268708 -72.834454 -46.283017 8.292081 -170.675525 2.593299 49.338313 59.873717 14.257063 7.189637 4.786703 -11.003544 -125.007505 -72.785563 -32.587084 29.745947 -174.555829 24.153616 63.215192 62.940818 29.833903 24.281384 -8.184587 -10.113309 132.424473 61.941723 4.670660 -33.586393 -154.093360 23.700750 -60.068801 -40.214003 5.239062 -27.526362 60.888208 -56.790549 59.558609 33.845499 -9.406017 -38.815791 -73.020034 60.988062 15.166606 -34.461042 10.594906 -4.763489 54.211053 -21.568243 26.947117 15.364587 -27.611368 -23.232154 18.487229 52.132519 55.001358 -30.006753 20.525744 0.672606 
-0.129109 0.147757 0.978325 0.823658 -3.654739 -0.100065 -0.089282 1.225113 -1.903600 12.780621 1.512373 -7.076377 5.854885 -4.223048 -11.898884 8.880937 -7.601045 -1.507776 11.777433 -15.840401 -1.408155 -4.846854 -8.488909 12.157665 -19.654017 1.031446 -2.785498 -22.489322 25.236428 -13.181932 31.260944 49.119468 -9.742663 17.451924 30.822132 159.643698 80.738680 4.854731 -21.777428 -106.915886 -17.219376 -39.305898 -36.211862 -16.308316 -9.655797 -74.459357 41.988172 61.568751 88.892925 -30.593421 17.855696 -65.731280 -8.867410 -64.877169 30.938975 12.768884 -38.084917 -6.573808 -3.235509 -17.103431 55.611801 -11.561609 -27.855114 -25.572195 40.225874 34.029223 -66.296212 29.166497 3.774786 -72.389962 64.241910 50.000185 -10.824787 12.191736 -47.032257 64.839425 -74.804218 -11.092762 31.904378 -19.359784 -15.536992 43.535000 57.297406 -136.157580 -41.367139 -30.731931 -47.852523 167.341819 -40.976967 -2.276120 60.601319 -1.301358 9.002724 24.543310 17.603686 -114.041083 -72.989173 -46.318520 8.423246 -171.138859 2.818938 49.393079 59.531838 14.233949 7.139145 5.083895 -13.525788 -125.728035 -72.814990 -32.589906 29.774863 -174.779296 24.303919 63.141652 62.754872 29.778705 24.220623 -7.601663 -8.699428 132.564950 61.971780 4.650522 -33.622364 -153.937285 23.755743 -59.828173 -40.132279 5.226257 -27.392438 56.846519 -57.744686 62.953448 33.724659 -9.156899 -38.532205 -75.827340 62.470764 11.378901 -35.671022 11.225890 -5.901080 55.105000 -20.789937 25.676771 15.342392 -28.228057 -23.166066 17.662028 50.298029 55.430109 -29.042438 19.740520 1.871648 
-0.131593 0.147757 0.997144 0.823658 -3.654739 -0.100065 0.092915 1.225440 -1.865839 12.639585 1.480261 -7.005649 5.299818 -4.037686 -11.774360 8.959600 -7.603618 -1.503664 11.825371 -15.769052 -1.391146 -4.759407 -8.563906 12.182812 -19.649251 0.938947 -2.743442 -22.489317 25.236428 -13.181931 31.260941 49.119469 -9.742662 13.505250 28.648994 158.603195 80.660161 4.827496 -21.865271 -109.404114 -16.419431 -41.940592 -36.606906 -16.000492 -12.770006 -74.891438 41.938917 61.488521 88.901805 -30.627087 17.940303 -66.021441 -8.770778 -65.085715 30.938975 12.768884 -38.084917 -5.378427 -3.174677 -16.515264 55.608128 -11.522553 -27.762341 -25.572195 40.225874 34.029223 -66.296212 29.166497 3.774786 -69.806043 64.271449 52.510541 -10.609763 11.646342 -46.698850 68.064935 -75.898939 -15.274465 32.509129 -19.803516 -16.553913 45.135389 58.850055 -133.355677 -41.518899 -30.926826 -47.896857 165.910755 -40.805071 -1.355716 59.925056 -1.201819 9.144382 24.446008 19.718357 -112.863185 -73.176889 -46.361324 8.582800 -171.702331 3.093836 49.456720 59.117078 14.205492 7.078070 5.320156 -16.051654 -126.471970 -72.859978 -32.594249 29.819086 -175.153168 24.551577 63.015382 62.443325 29.686311 24.114971 -7.001908 -7.271516 132.706433 62.007229 4.626815 -33.664774 -153.754184 23.818843 -59.546173 -40.036460 5.210995 -27.235378 52.581347 -58.488963 66.569885 33.600214 -8.902288 -38.241116 -78.808900 63.805746 7.447681 -36.832694 11.811023 -7.011698 56.006784 -19.915175 24.381093 15.325175 -28.836077 -23.104377 16.799811 48.343699 55.897242 -28.036187 18.878251 3.122324 
-0.134075 0.147757 1.015955 0.823658 -3.654739 -0.100065 0.275030 1.225646 -1.828009 12.498381 1.448685 -6.935782 4.745252 -3.850760 -11.652738 9.038238 -7.606234 -1.499415 11.873289 -15.697734 -1.374017 -4.671933 -8.638934 12.207986 -19.644588 0.846484 -2.701299 -22.489311 25.236429 -13.181929 31.260936 49.119469 -9.742661 10.270598 26.480555 158.112478 80.586433 4.801828 -21.947622 -111.505464 -15.801943 -44.212446 -36.919785 -15.723104 -15.426450 -75.321774 41.887480 61.412169 88.910563 -30.661008 18.024932 -66.312271 -8.675003 -65.294583 30.938975 12.768884 -38.084917 -4.178271 -3.119491 -15.932193 55.604578 -11.483503 -27.669575 -25.572195 40.225874 34.029223 -66.296212 29.166497 3.774786 -67.268675 64.149070 54.997677 -10.403273 11.115101 -46.375236 71.719260 -76.894749 -19.852210 33.093683 -20.218664 -17.533690 46.702968 60.355283 -130.608978 -41.677561 -31.130314 -47.941602 164.391436 -40.605285 -0.383259 59.197754 -1.093465 9.292437 24.312200 21.791017 -111.772901 -73.390898 -46.409298 8.763970 -172.348148 3.406245 49.525318 58.641084 14.172321 7.008244 5.484818 -18.542806 -127.219973 -72.918050 -32.599819 29.876275 -175.673141 24.887931 62.834039 62.010908 29.556868 23.963492 -6.397530 -5.878617 132.853672 62.046639 4.600503 -33.711921 -153.549042 23.888328 -59.229735 -39.929652 5.193662 -27.060251 48.187147 -59.004150 70.323860 33.472784 -8.645695 -37.946550 -81.914331 64.986116 3.432166 -37.934840 12.347059 -8.083626 56.897967 -18.958481 23.083760 15.313493 -29.427488 -23.048380 15.912106 46.308814 56.393587 -27.012253 17.952674 4.397298 
-0.136558 0.147757 1.034767 0.823658 -3.654739 -0.100065 0.457262 1.225734 -1.790261 12.357226 1.417258 -6.864820 4.191188 -3.662320 -11.534010 9.116889 -7.608798 -1.495212 11.921345 -15.626404 -1.357083 -4.584521 -8.713965 12.233163 -19.640054 0.754057 -2.659078 -22.489304 25.236429 -13.181926 31.260931 49.119469 -9.742659 7.542648 24.311285 158.049266 80.516413 4.777286 -22.026034 -113.316076 -15.308129 -46.205508 -37.173049 -15.465005 -17.737330 -75.751590 41.833536 61.338726 88.919238 -30.694972 18.109631 -66.603868 -8.580140 -65.503953 30.938975 12.768884 -38.084917 -2.973412 -3.069801 -15.354147 55.601155 -11.444466 -27.576846 -25.572195 40.225874 34.029223 -66.296163 29.166368 3.774773 -64.763469 63.871550 57.472543 -10.202246 10.587542 -46.056410 75.935975 -77.803416 -24.980356 33.673059 -20.617057 -18.501456 48.245583 61.840195 -127.891214 -41.844446 -31.344045 -47.986955 162.764382 -40.371022 0.651451 58.407849 -0.974720 9.448346 24.130458 23.856965 -110.759253 -73.629470 -46.461917 8.965358 -173.093007 3.757406 49.596807 58.092715 14.133388 6.928146 5.571172 -21.020463 -127.960441 -72.991105 -32.607297 29.949239 -176.352446 25.320837 62.591798 61.449444 29.386706 23.766484 -5.776470 -4.483196 133.005236 62.091156 4.570836 -33.765183 -153.317434 23.965389 -58.871386 -39.809168 5.173711 -26.862634 43.667355 -59.290506 74.200442 33.345196 -8.389900 -37.652195 -85.172073 66.028208 -0.706153 -38.994372 12.843544 -9.126958 57.793848 -17.896815 21.759076 15.312986 -29.990808 -23.006181 14.968164 44.122293 56.933014 -25.939419 16.927689 5.736906 
-0.139041 0.147757 1.053586 0.823658 -3.654739 -0.100065 0.639437 1.226701 -1.752457 12.215931 1.386353 -6.794727 3.637589 -3.472405 -11.418164 9.195529 -7.611379 -1.490970 11.969381 -15.555105 -1.340030 -4.497134 -8.789013 12.258245 -19.635599 0.661665 -2.616760 -22.489296 25.236430 -13.181924 31.260925 49.119470 -9.742658 5.190472 22.165730 158.284580 80.448287 4.753353 -22.102197 -114.906181 -14.900296 -47.974171 -37.385276 -15.221878 -19.773801 -76.179315 41.778471 61.269512 88.927765 -30.729052 18.194393 -66.895349 -8.486467 -65.713654 30.938975 12.768884 -38.084917 -1.764034 -3.025521 -14.781246 55.597763 -11.405388 -27.484107 -25.572195 40.225874 34.029223 -66.296163 29.166368 3.774773 -62.367704 63.433965 59.860510 -10.010114 10.074176 -45.748113 80.681489 -78.599567 -30.610899 34.237897 -20.993158 -19.441621 49.743124 63.294441 -125.234160 -42.019895 -31.568175 -48.032967 161.058817 -40.099461 1.728684 57.571843 -0.846885 9.610304 23.901430 25.887353 -109.842915 -73.889842 -46.518447 9.185251 -173.923531 4.144967 49.669413 57.482192 14.089161 6.839411 5.565751 -23.447770 -128.665515 -73.079261 -32.616229 30.037511 -177.183261 25.844183 62.289924 60.768577 29.178401 23.529989 -5.150059 -3.111923 133.164646 62.140177 4.538231 -33.823795 -153.063507 24.048470 -58.477068 -39.676604 5.151264 -26.645117 39.115913 -59.336765 78.110306 33.215703 -8.133005 -37.355540 -88.509211 66.933908 -4.889843 -39.998183 13.297345 -10.132832 58.685330 -16.735814 20.418280 15.326928 -30.514482 -22.982916 13.966232 41.790396 57.516101 -24.829471 15.801760 7.131798 
-0.141524 0.147757 1.072398 0.823658 -3.654739 -0.100065 0.821570 1.226547 -1.714621 12.074670 1.355574 -6.723546 3.084443 -3.281043 -11.305255 9.274148 -7.613957 -1.486682 12.017381 -15.483780 -1.323048 -4.409723 -8.864103 12.283352 -19.631278 0.569314 -2.574366 -22.489288 25.236431 -13.181921 31.260919 49.119470 -9.742656 3.131521 20.016268 158.764935 80.382804 4.730214 -22.175497 -116.317441 -14.559786 -49.559333 -37.567367 -14.992272 -21.587014 -76.605247 41.721374 61.204147 88.936237 -30.763312 18.279179 -67.186708 -8.393991 -65.923699 30.938975 12.768884 -38.084917 -0.550366 -2.986257 -14.213244 55.594408 -11.366278 -27.391400 -25.572195 40.225874 34.029223 -66.296163 29.166368 3.774773 -60.106110 62.832902 62.138445 -9.824396 9.572437 -45.446944 85.975592 -79.279896 -36.769643 34.787387 -21.347646 -20.355029 51.206443 64.741886 -122.612752 -42.205515 -31.804446 -48.080177 159.258511 -39.783548 2.857570 56.680187 -0.708165 9.779597 23.612082 27.893270 -109.018526 -74.176906 -46.579609 9.427396 -174.836051 4.572100 49.742541 56.811635 14.039507 6.742515 5.445952 -25.846870 -129.327099 -73.185917 -32.626543 30.143672 -178.185638 26.466458 61.917745 59.957412 28.928023 23.251439 -4.509899 -1.760098 133.332825 62.192030 4.503831 -33.885798 -152.789074 24.137372 -58.047318 -39.531658 5.126131 -26.407187 34.574734 -59.138616 82.009202 33.086093 -7.876611 -37.060107 -91.944759 67.715681 -9.143785 -40.960782 13.716408 -11.110391 59.572229 -15.471227 19.061299 15.363818 -30.969981 -22.991784 12.884679 39.275219 58.149718 -23.674108 14.550271 8.597472 
-0.144007 0.147757 1.091209 0.823658 -3.654739 -0.100065 1.003755 1.227274 -1.676842 11.933259 1.325340 -6.653230 2.531741 -3.088279 -11.195282 9.352769 -7.616538 -1.482351 12.065492 -15.412412 -1.306031 -4.322462 -8.939158 12.308442 -19.626995 0.476969 -2.531961 -22.489281 25.236431 -13.181918 31.260914 49.119471 -9.742654 1.306122 17.883591 159.470154 80.320225 4.708044 -22.245468 -117.574736 -14.271758 -50.978272 -37.725374 -14.776373 -23.200554 -77.029071 41.663256 61.142996 88.944557 -30.797687 18.364032 -67.477942 -8.302715 -66.134091 30.938975 12.768884 -38.084917 0.667694 -2.951903 -13.650211 55.591118 -11.327261 -27.298712 -25.572195 40.225874 34.029223 -66.296163 29.166368 3.774773 -57.930429 62.043807 64.348636 -9.640970 9.069233 -45.146031 91.955953 -79.844178 -43.615672 35.339092 -21.692424 -21.269710 52.629683 66.170070 -120.045027 -42.393892 -32.044424 -48.124628 157.386519 -39.426359 4.020836 55.737781 -0.560244 9.952693 23.246692 29.933543 -108.281003 -74.501626 -46.647442 9.701295 -175.869364 5.055860 49.816339 56.053005 13.981992 6.633594 5.219492 -28.193687 -129.904730 -73.305655 -32.637731 30.262587 -179.356264 27.175716 61.469937 59.022580 28.635196 22.929565 -3.854126 -0.371945 133.504825 62.248849 4.466223 -33.953723 -152.479874 24.235814 -57.560160 -39.367893 5.096990 -26.138230 30.105425 -58.716233 85.822027 32.960059 -7.628637 -36.774224 -95.423917 68.369114 -13.404303 -41.876459 14.099705 -12.048986 60.486814 -14.038074 17.626953 15.440816 -31.323976 -23.057440 11.647333 36.409575 58.876964 -22.411566 13.080783 10.221626 
-0.146490 0.147757 1.110028 0.823658 -3.654739 -0.100065 1.186012 1.226882 -1.639096 11.791909 1.295211 -6.581836 1.979479 -2.894165 -11.088223 9.431357 -7.619130 -1.477979 12.113529 -15.341061 -1.288993 -4.235220 -9.014210 12.333439 -19.622882 0.384701 -2.489395 -22.489275 25.236432 -13.181916 31.260909 49.119471 -9.742653 -0.253111 15.704771 160.009352 80.260330 4.686779 -22.312354 -118.709473 -14.024420 -52.263490 -37.865183 -14.571294 -24.655595 -77.452292 41.602792 61.084980 88.952821 -30.832100 18.448896 -67.769949 -8.212209 -66.344963 30.938975 12.768884 -38.084917 1.889850 -2.922015 -13.092167 55.587858 -11.288202 -27.206004 -25.572195 40.225874 34.029223 -66.296163 29.166368 3.774773 -56.748747 61.306696 65.634651 -9.519029 8.728027 -44.943743 96.370261 -80.148391 -48.615754 35.714738 -21.920892 -21.891106 54.033082 67.572292 -117.532715 -42.588336 -32.292212 -48.166944 155.427934 -39.019922 5.224792 54.736475 -0.400098 10.130750 23.017310 31.317798 -107.821435 -74.732905 -46.694897 9.896276 -176.609177 5.401615 49.863484 55.510000 13.939965 6.556118 4.676367 -30.512476 -130.484028 -73.431584 -32.649599 30.388337 179.246142 27.985873 60.909030 57.921742 28.283303 22.536903 -3.330423 0.425721 133.744423 62.285971 4.441703 -33.998081 -152.276789 24.298687 -57.239463 -39.260167 5.077384 -25.961221 26.192051 -57.974645 89.211303 32.832330 -7.381122 -36.487096 -98.939919 68.917713 -17.678866 -42.753066 14.453026 -12.962031 61.105290 -12.995245 16.640398 15.513669 -31.511978 -23.131347 10.725482 34.304412 59.414706 -21.520415 11.971447 11.385498 
-0.148973 0.147757 1.128840 0.823658 -3.654739 -0.100065 1.368115 1.227368 -1.601296 11.650397 1.265651 -6.511302 1.427634 -2.698730 -10.984160 9.509953 -7.621719 -1.473563 12.161584 -15.269696 -1.271927 -4.148003 -9.089322 12.358557 -19.618829 0.292429 -2.446820 -22.489272 25.236432 -13.181915 31.260907 49.119471 -9.742653 -1.361403 13.389187 159.522968 80.203028 4.666290 -22.376540 -119.756322 -13.811780 -53.451391 -37.995180 -14.376768 -25.994287 -77.872430 41.540813 61.031803 88.960934 -30.866767 18.533835 -68.061872 -8.122983 -66.556138 30.938975 12.768884 -38.084917 3.116045 -2.896693 -12.539084 55.584698 -11.249033 -27.113355 -25.572195 40.225874 34.029223 -66.296163 29.166368 3.774773 -58.455399 61.220339 64.192543 -9.592312 8.933901 -45.065552 93.671058 -79.972469 -45.562761 35.486896 -21.782912 -21.515006 55.445925 68.893758 -115.124323 -42.791635 -32.550298 -48.208985 153.383329 -38.556964 6.466702 53.676549 -0.226382 10.313723 23.640872 30.424812 -108.033950 -74.568705 -46.661267 9.757623 -176.084091 5.156392 49.830632 55.894958 13.969835 6.611007 3.326309 -32.741858 -131.246751 -73.574336 -32.663017 30.531621 177.534292 28.940091 60.193547 56.597835 27.852067 22.061277 -3.425941 -0.818183 134.178918 62.245293 4.468574 -33.949472 -152.498142 24.229828 -57.589308 -39.377332 5.098691 -26.153735 24.027208 -56.806886 91.329680 32.705227 -7.134790 -36.201224 -102.530892 69.366026 -22.012610 -43.608467 14.784058 -13.860858 60.658873 -13.750718 17.325772 15.465747 -31.392326 -23.082443 11.321727 35.661139 59.067660 -22.091204 12.689172 10.637654 
-0.151455 0.147757 1.147652 0.823658 -3.654739 -0.100065 1.224017 1.227860 -1.390742 11.805994 1.269799 -6.459943 1.981308 -2.895805 -11.059566 9.588541 -7.624265 -1.469192 12.209736 -15.198362 -1.254964 -4.060803 -9.164423 12.383584 -19.614848 0.200166 -2.404247 -22.489280 25.236432 -13.181918 31.260913 49.119471 -9.742654 -2.153967 10.967632 158.521530 80.146564 4.646067 -22.439675 -120.711100 -13.618836 -54.533929 -38.109742 -14.187991 -27.210484 -76.726119 41.705286 61.186276 88.963969 -30.880186 18.566796 -68.061872 -8.122983 -66.556138 30.938975 12.768884 -38.084917 2.148422 -3.117890 -13.251889 55.569262 -11.043665 -26.626884 -26.060917 39.938996 34.653972 -66.747576 28.464859 3.598117 -61.713372 61.375379 61.299722 -9.773707 9.435728 -45.364305 87.536884 -79.445782 -38.566182 34.936358 -21.441828 -20.602753 56.822047 70.178968 -112.806470 -42.997095 -32.811091 -48.247399 151.265215 -38.036003 7.735614 52.558163 -0.041009 10.499444 24.631167 28.298203 -108.689693 -74.206342 -46.585815 9.452041 -174.930189 4.616514 49.749345 56.742067 14.034295 6.732493 1.425921 -34.907549 -131.993524 -73.730002 -32.677444 30.688518 175.516544 30.015174 59.314550 55.072582 27.345098 21.511766 -3.756979 -3.169629 134.727308 62.169160 4.518997 -33.858464 -152.908388 24.098645 -58.234962 -39.594668 5.137132 -26.510629 22.904362 -55.377942 92.667057 32.580749 -6.894136 -35.921982 -106.117965 69.712470 -26.317740 -44.432375 15.089877 -14.733180 59.632116 -15.384689 18.904989 15.376203 -31.049393 -23.000559 12.642563 38.710452 58.292570 -23.420392 14.263828 8.920499 
-0.153938 0.147757 1.166464 0.823658 -3.654739 -0.100065 1.079833 1.227582 -1.180138 11.961526 1.273826 -6.409592 2.535223 -3.092128 -11.137959 9.667104 -7.626869 -1.464692 12.257906 -15.127015 -1.237973 -3.973673 -9.239549 12.408612 -19.611007 0.107965 -2.361494 -22.489286 25.236431 -13.181920 31.260918 49.119470 -9.742656 -2.804022 8.468876 157.626552 80.093389 4.626915 -22.499259 -121.566346 -13.450961 -55.502959 -38.211884 -14.012285 -28.295193 -75.567044 41.857157 61.369376 88.967083 -30.893667 18.599750 -68.061872 -8.122983 -66.556138 30.938975 12.768884 -38.084917 1.183526 -3.351110 -13.961036 55.555569 -10.838117 -26.140806 -26.551680 39.656189 35.279328 -67.186764 27.760145 3.434113 -64.910010 61.339451 58.477606 -9.958421 9.936254 -45.664742 82.077565 -78.797711 -32.245456 34.389543 -21.092107 -19.693917 58.113503 71.487024 -110.554499 -43.205105 -33.075097 -48.281910 149.082922 -37.453839 9.022589 51.383398 0.156614 10.686803 25.555952 26.188440 -109.452972 -73.881784 -46.516773 9.178637 -173.898276 4.133598 49.666990 57.500155 14.090475 6.842015 -0.725366 -37.086517 -132.501344 -73.885304 -32.691614 30.845355 173.194462 31.177348 58.250446 53.361601 26.762365 20.882182 -4.013126 -5.519947 135.276889 62.104899 4.561692 -33.781614 -153.245807 23.989250 -58.759984 -39.771654 5.167410 -26.801089 21.980914 -53.799435 93.806878 32.457326 -6.658770 -35.647275 -109.594982 69.970630 -30.480037 -45.206471 15.365713 -15.565273 58.616132 -16.853118 20.424191 15.330633 -30.597713 -22.980876 13.796613 41.395526 57.615565 -24.645188 15.607143 7.363700 
-0.156421 0.147757 1.185282 0.823658 -3.654739 -0.100065 0.939640 1.250663 -0.923805 12.111595 1.264861 -6.408024 3.089371 -3.287637 -11.219334 9.745654 -7.629466 -1.460145 12.306093 -15.055654 -1.220954 -3.886560 -9.314664 12.433550 -19.607269 0.015816 -2.318656 -22.489291 25.236431 -13.181922 31.260922 49.119470 -9.742657 -3.319765 5.881055 156.751486 80.046111 4.609876 -22.552146 -122.322992 -13.316155 -56.361329 -38.306455 -13.857265 -29.252273 -74.391429 41.945486 61.593772 88.970186 -30.907144 18.632732 -68.061872 -8.122983 -66.556138 30.938975 12.768884 -38.084917 0.219697 -3.618680 -14.712156 55.543633 -10.632547 -25.655067 -27.044405 39.377543 35.905253 -67.613814 27.052510 3.282770 -68.046645 61.091423 55.732182 -10.148413 10.444068 -45.970341 77.197580 -78.035598 -26.489592 33.831354 -20.723659 -18.764696 59.175387 72.844643 -108.519913 -43.415467 -33.341726 -48.312670 146.851152 -36.809684 10.316124 50.159116 0.367415 10.874091 26.409368 24.053142 -110.383762 -73.586473 -46.452587 8.929686 -172.962290 3.695274 49.584525 58.188411 14.140237 6.942091 -3.164279 -39.288099 -132.774193 -74.041496 -32.705515 31.003390 170.528519 32.422917 56.968814 51.454679 26.095596 20.174150 -4.202795 -7.928551 135.778029 62.052359 4.596691 -33.718768 -153.518988 23.898966 -59.182310 -39.913536 5.191015 -27.033815 21.353562 -52.092247 94.640334 32.339628 -6.434088 -35.385790 -112.922554 70.141247 -34.452737 -45.932350 15.613748 -16.350874 57.587658 -18.193160 21.894054 15.314251 -30.055984 -23.002815 14.855516 43.860225 56.998757 -25.812379 16.802541 5.895495 
-0.158904 0.147757 1.204094 0.823658 -3.654739 -0.100065 0.791400 1.228013 -0.758801 12.272714 1.280836 -6.307974 3.643753 -3.482278 -11.303721 9.824204 -7.632026 -1.455646 12.354335 -14.984235 -1.203998 -3.799508 -9.389766 12.458495 -19.603633 -0.076342 -2.275824 -22.489295 25.236430 -13.181923 31.260924 49.119470 -9.742657 -3.697423 3.276965 156.007092 80.003232 4.594373 -22.600107 -122.990935 -13.201572 -57.117588 -38.390569 -13.717408 -30.093920 -73.214011 42.119505 61.818959 88.973220 -30.920688 18.665720 -68.061872 -8.122983 -66.556138 30.938975 12.768884 -38.084917 -0.738174 -3.852970 -15.367603 55.533574 -10.426843 -25.169744 -27.539029 39.103098 36.531677 -68.029324 26.342210 3.143345 -71.112747 60.789389 53.061030 -10.344534 10.961193 -46.282374 72.880928 -77.167992 -21.279281 33.262057 -20.335755 -17.814550 60.456176 74.181645 -106.240993 -43.622915 -33.605975 -48.335516 144.548161 -36.094063 11.624243 48.868206 0.593391 11.060952 27.289005 21.883199 -111.311833 -73.316368 -46.392761 8.701619 -172.125303 3.298066 49.501870 58.805112 14.183814 7.032273 -6.095808 -41.470880 -132.554385 -74.188866 -32.719506 31.155299 167.403170 33.759307 55.386778 49.294429 25.319191 19.353842 -4.329780 -10.323857 136.357362 62.012944 4.622997 -33.671620 -153.723936 23.829449 -59.498862 -40.020011 5.208342 -27.208405 20.819238 -50.233306 95.433736 32.228774 -6.221444 -35.139901 -116.092522 70.232864 -38.230511 -46.617142 15.838194 -17.094359 56.517713 -19.486370 23.453375 15.313713 -29.469169 -23.045675 15.844515 46.154644 56.430640 -26.934710 17.880824 4.493067 
-0.161387 0.147757 1.222906 0.823658 -3.654739 -0.100065 0.647195 1.228323 -0.548071 12.428384 1.283786 -6.256718 4.198434 -3.676057 -11.391011 9.902743 -7.634646 -1.451020 12.402501 -14.912833 -1.187022 -3.712530 -9.464913 12.483439 -19.600074 -0.168457 -2.232892 -22.489299 25.236430 -13.181925 31.260927 49.119469 -9.742658 -3.975717 0.631766 155.246953 79.964082 4.580178 -22.643937 -123.565525 -13.097298 -57.764733 -38.459459 -13.589604 -30.812914 -72.022089 42.230157 62.083736 88.976256 -30.934227 18.698710 -68.061872 -8.122983 -66.556138 30.938975 12.768884 -38.084917 -1.694656 -4.121528 -16.064708 55.525228 -10.221066 -24.684776 -28.035638 38.832831 37.158819 -68.433440 25.629140 3.015853 -74.044679 60.295113 50.541662 -10.545890 11.483492 -46.599190 69.128294 -76.212123 -16.621847 32.689008 -19.932648 -16.854634 61.513824 75.570691 -104.175004 -43.828715 -33.868606 -48.351980 142.206679 -35.309929 12.923857 47.527420 0.832799 11.245567 28.110559 19.699716 -112.386554 -73.073962 -46.338054 8.496230 -171.395644 2.944584 49.422206 59.343095 14.221056 7.111330 -9.522952 -43.674827 -131.900718 -74.328294 -32.733319 31.301250 163.755681 35.167958 53.448992 46.868774 24.421121 18.422414 -4.389070 -12.753313 136.868521 61.987042 4.640307 -33.640627 -153.858368 23.783363 -59.706149 -40.090425 5.219626 -27.323844 20.536653 -48.251334 95.957826 32.123343 -6.022149 -34.907029 -119.028051 70.267920 -41.730109 -47.244993 16.035858 -17.783087 55.442137 -20.653275 24.959711 15.324620 -28.854672 -23.102414 16.774843 48.290907 55.909681 -28.008650 18.853630 3.155879 
-0.163870 0.147757 1.241725 0.823658 -3.654739 -0.100065 0.502884 1.227664 -0.337334 12.583985 1.286652 -6.206467 4.753432 -3.868911 -11.481283 9.981261 -7.637252 -1.446343 12.450726 -14.841503 -1.170057 -3.625522 -9.540068 12.508414 -19.596635 -0.260521 -2.189881 -22.489301 25.236430 -13.181925 31.260929 49.119469 -9.742659 -4.156921 -2.081345 154.493463 79.929476 4.567615 -22.682635 -124.056365 -13.009201 -58.316919 -38.517986 -13.477613 -31.424258 -70.820702 42.324496 62.373977 88.979298 -30.947760 18.731690 -68.061872 -8.122983 -66.556138 30.938975 12.768884 -38.084917 -2.648161 -4.401589 -16.757474 55.518641 -10.015160 -24.200120 -28.534162 38.566779 37.786613 -68.826655 24.913674 2.899733 -76.862371 59.663882 48.154194 -10.753894 12.014646 -46.922925 65.835130 -75.167928 -12.400486 32.102285 -19.506541 -15.868968 62.510544 77.013365 -102.135251 -44.033734 -34.131457 -48.360411 139.778459 -34.434934 14.236198 46.105433 1.092270 11.431134 28.922069 17.481930 -113.557235 -72.861473 -46.289318 8.315587 -170.762320 2.635551 49.348827 59.809488 14.252743 7.180139 -13.777631 -45.907922 -130.532913 -74.455766 -32.747377 31.438335 159.306679 36.675079 50.964612 44.041690 23.342576 17.318990 -4.383245 -15.215463 137.353248 61.974297 4.648833 -33.625370 -153.924299 23.760546 -59.807615 -40.125348 5.225162 -27.381079 20.423450 -46.106037 96.317712 32.021834 -5.833508 -34.684930 -121.755505 70.259762 -44.984414 -47.824478 16.211257 -18.425695 54.336274 -21.740779 26.482201 15.342627 -28.223652 -23.166654 17.671602 50.324384 55.424232 -29.056488 19.751313 1.854802 
-0.166353 0.147757 1.260536 0.823658 -3.654739 -0.100065 0.358628 1.228235 -0.126555 12.739687 1.288988 -6.155275 5.308694 -4.060792 -11.574483 10.059793 -7.639821 -1.441717 12.499018 -14.770043 -1.153015 -3.538539 -9.615242 12.533295 -19.593251 -0.352594 -2.146856 -22.489304 25.236430 -13.181926 31.260931 49.119469 -9.742659 -4.239605 -4.794921 153.737980 79.901303 4.557345 -22.714207 -124.455149 -12.941829 -58.765136 -38.566802 -13.386856 -31.919431 -69.611458 42.403546 62.688638 88.982403 -30.961357 18.764700 -68.061872 -8.122983 -66.556138 30.938975 12.768884 -38.084917 -3.598560 -4.692994 -17.445706 55.513833 -9.809297 -23.715782 -29.034527 38.305029 38.415012 -69.209152 24.195985 2.794818 -79.505618 58.917074 45.952352 -10.966155 12.547274 -47.249677 62.997746 -74.058195 -8.624413 31.511487 -19.063483 -14.872605 63.430502 78.473564 -100.168876 -44.229226 -34.384220 -48.358405 137.332875 -33.489706 15.519066 44.637989 1.365423 11.610908 29.709574 15.273368 -114.793141 -72.685528 -46.248543 8.166441 -170.237727 2.380387 49.285466 60.196123 14.278593 7.237383 -19.064721 -48.087264 -128.217927 -74.552264 -32.761327 31.549745 153.896866 38.206672 47.787614 40.782908 22.054466 16.017979 -4.311951 -17.661387 137.795247 61.974746 4.648537 -33.625927 -153.920591 23.761485 -59.802566 -40.123399 5.224855 -27.377884 20.481177 -43.866552 96.506361 31.929575 -5.662270 -34.484808 -124.197848 70.212211 -47.900943 -48.345541 16.363116 -19.006070 53.211165 -22.738247 28.006977 15.366170 -27.578288 -23.236139 18.533587 52.234668 54.979185 -30.061494 20.569398 0.605608 
-0.168835 0.147757 1.279348 0.823658 -3.654739 -0.100065 0.214420 1.228136 0.084244 12.895406 1.291037 -6.104111 5.864307 -4.251671 -11.670640 10.138299 -7.642410 -1.437052 12.547313 -14.698641 -1.136084 -3.451710 -9.690384 12.558160 -19.590024 -0.444593 -2.103659 -22.489306 25.236429 -13.181927 31.260932 49.119469 -9.742659 -4.232971 -7.648098 152.968326 79.878618 4.549054 -22.739629 -124.775096 -12.890910 -59.124264 -38.607011 -13.314134 -32.316718 -68.395792 42.465843 63.026268 88.985375 -30.974952 18.797693 -68.061872 -8.122983 -66.556138 30.938975 12.768884 -38.084917 -4.545809 -4.995873 -18.129343 55.510771 -9.603387 -23.231797 -29.536744 38.047593 39.044089 -69.581239 23.476084 2.700830 -82.040390 58.048920 43.879289 -11.187114 13.090859 -47.586050 60.517848 -72.869679 -5.178958 30.908349 -18.596255 -13.850234 64.298594 80.068094 -98.161493 -44.426629 -34.642368 -48.344071 134.686704 -32.392737 16.859934 43.009976 1.674737 11.795960 30.520064 13.031289 -116.107349 -72.543621 -46.215489 8.046768 -169.812152 2.174025 49.232521 60.509635 14.299286 7.283936 -26.647030 -50.255531 -123.989508 -74.600161 -32.776970 31.624267 146.323602 39.843304 43.105909 36.535508 20.317927 14.254350 -4.169892 -20.131261 138.188556 61.988868 4.639091 -33.642822 -153.847978 23.786482 -59.690827 -40.085018 5.218757 -27.314968 20.678558 -41.399726 96.556058 31.843829 -5.502246 -34.297620 -126.463244 70.130556 -50.608575 -48.833070 16.500205 -19.548994 52.040158 -23.675462 29.569194 15.391520 -26.925331 -23.305529 19.382494 54.082701 54.562194 -31.053314 21.335661 -0.626307 
-0.171319 0.147757 1.298167 0.823658 -3.654739 -0.100065 0.070199 1.228367 0.295079 13.051043 1.293014 -6.053952 6.420215 -4.441494 -11.769718 10.216793 -7.645034 -1.432249 12.595623 -14.627225 -1.119124 -3.364768 -9.765595 12.583074 -19.586860 -0.536581 -2.060459 -22.489308 25.236429 -13.181928 31.260934 49.119469 -9.742660 -4.120620 -9.431193 152.002846 79.865844 4.544420 -22.753852 -124.952674 -12.863820 -59.323013 -38.629718 -13.274028 -32.536685 -67.174273 42.511728 63.386475 88.988338 -30.988542 18.830712 -68.061872 -8.122983 -66.556138 30.938975 12.768884 -38.084917 -5.489790 -5.309876 -18.808141 55.509501 -9.397376 -22.748135 -30.040706 37.794542 39.673707 -69.943246 22.754396 2.617464 -84.199483 57.094360 42.202577 -11.421017 13.657254 -47.938438 58.287472 -71.567659 -1.925078 30.271574 -18.086205 -12.765101 64.940092 80.766575 -97.086544 -44.514626 -34.759555 -48.330886 133.397396 -31.830144 17.493686 42.201101 1.831226 11.881641 31.022674 10.845670 -117.485162 -72.441686 -46.191344 7.959822 -169.506209 2.025787 49.193797 60.735288 14.314021 7.317503 -32.393629 -51.282056 -120.624407 -74.599883 -32.787168 31.646032 140.784763 40.701811 39.560763 33.617597 19.080407 13.030277 -3.972046 -22.587596 138.573100 62.016837 4.620403 -33.676272 -153.703890 23.836246 -59.468078 -40.009674 5.206676 -27.191459 21.162705 -39.891872 96.350108 31.798551 -5.416796 -34.198231 -127.658298 70.072388 -52.038247 -49.093092 16.571375 -19.837897 50.937664 -24.433908 31.042185 15.418131 -26.282893 -23.373133 20.202493 55.813116 54.188788 -31.997085 22.030503 -1.802496 
-0.173801 0.147757 1.316979 0.823658 -3.654739 -0.100065 -0.074424 1.227758 0.501856 13.206790 1.294467 -6.002854 6.976506 -4.630246 -11.871725 10.295278 -7.647616 -1.427494 12.643950 -14.555795 -1.102136 -3.277934 -9.840767 12.607876 -19.583811 -0.628525 -2.017173 -22.489309 25.236429 -13.181928 31.260935 49.119469 -9.742660 -4.126430 -8.021896 150.531633 79.870837 4.546238 -22.748273 -124.887130 -12.873967 -59.248776 -38.620892 -13.288950 -32.455201 -65.948332 42.539755 63.767466 88.991302 -31.002127 18.863733 -68.061872 -8.122983 -66.556138 30.938975 12.768884 -38.084917 -6.430471 -5.634958 -19.482087 55.509968 -9.191504 -22.264712 -30.546513 37.545840 40.304065 -70.295513 22.030639 2.544336 -85.722075 56.065618 41.218745 -11.698611 14.316288 -48.351852 56.096138 -69.984782 1.475336 29.525989 -17.466484 -11.486772 64.990617 78.775737 -98.744045 -44.317023 -34.499409 -48.351977 136.147216 -33.008173 16.125749 43.913298 1.502655 11.694211 30.647098 8.731451 -118.967018 -72.381837 -46.177085 7.908772 -169.324365 1.937817 49.170450 60.868739 14.322666 7.337383 -26.765687 -50.224036 -124.783311 -74.606138 -32.777178 31.629655 146.334781 39.840176 43.117923 36.538652 20.311097 14.268384 -3.743533 -25.137296 139.059072 62.060828 4.591046 -33.728899 -153.475731 23.912807 -59.116573 -39.891470 5.187381 -26.997624 22.185041 -41.364962 95.666782 31.849803 -5.513021 -34.310642 -126.304337 70.137225 -50.418045 -48.798617 16.490678 -19.510485 50.068586 -24.854442 32.256598 15.445498 -25.656136 -23.438193 20.998402 57.446722 53.854497 -32.902469 22.666469 -2.932068 
-0.176284 0.147757 1.335791 0.823658 -3.654739 -0.100065 -0.254254 1.227859 0.313088 13.362470 1.295855 -5.952763 7.533171 -4.817868 -11.976659 10.373752 -7.650219 -1.422701 12.692334 -14.484437 -1.085158 -3.191170 -9.915957 12.632682 -19.580864 -0.720434 -1.973792 -22.489310 25.236429 -13.181928 31.260935 49.119469 -9.742660 -4.064841 -5.794739 148.936370 79.885107 4.551467 -22.732251 -124.692288 -12.903889 -59.029623 -38.595823 -13.333094 -32.213541 -64.718429 42.550178 64.168921 88.994182 -31.015781 18.896789 -68.061872 -8.122983 -66.556138 30.939065 12.768901 -38.084851 -7.367874 -5.970979 -20.150833 55.512260 -8.985513 -21.781571 -31.054061 37.301554 40.935130 -70.638163 21.305180 2.481363 -87.045683 54.990044 40.461335 -11.988186 14.989385 -48.777938 54.227703 -68.290729 4.606895 28.757913 -16.801409 -10.157096 64.675435 76.181840 -101.267100 -44.029292 -34.127128 -48.357423 139.791285 -34.439720 14.228085 46.112066 1.092047 11.429617 30.018593 6.694867 -120.455288 -72.358342 -46.171551 7.889105 -169.251494 1.902836 49.161088 60.922616 14.326146 7.345422 -20.337709 -48.217251 -129.139207 -74.563214 -32.763617 31.564084 152.901736 38.455535 47.186187 40.207022 21.826201 15.780438 -3.477565 -27.640355 139.508362 62.118589 4.552593 -33.797978 -153.176502 24.011089 -58.653829 -39.735335 5.161273 -26.741499 23.486805 -43.493042 94.711281 31.932711 -5.666811 -34.490239 -124.123909 70.214554 -47.812066 -48.329861 16.358622 -18.988940 49.298518 -25.112188 33.349067 15.472118 -25.051571 -23.498593 21.772687 58.986278 53.559941 -33.768576 23.247502 -4.013112 
-0.178768 0.147757 1.354609 0.823658 -3.654739 -0.100065 -0.434045 1.228466 0.124383 13.518247 1.296714 -5.901737 8.090220 -5.004327 -12.084522 10.452219 -7.652808 -1.417860 12.740729 -14.412933 -1.068203 -3.104381 -9.991177 12.657517 -19.578008 -0.812337 -1.930416 -22.489310 25.236429 -13.181928 31.260935 49.119469 -9.742660 -3.931820 -3.410523 147.294320 79.905606 4.558933 -22.709316 -124.397953 -12.951103 -58.699722 -38.558998 -13.399954 -31.848904 -63.488011 42.541698 64.587976 88.997158 -31.029495 18.929804 -68.061872 -8.122983 -66.556138 30.939065 12.768901 -38.084851 -8.301797 -6.317854 -20.814584 55.516245 -8.779598 -21.298686 -31.563315 37.061742 41.566807 -70.971559 20.578214 2.428218 -88.359169 53.828317 39.756977 -12.290094 15.674847 -49.216759 52.628069 -66.469838 7.538067 27.958752 -16.079390 -8.758683 64.230560 73.546093 -104.007953 -43.716662 -33.726568 -48.341751 143.472538 -35.740986 12.224365 48.255920 0.702699 11.146175 29.307748 4.635706 -121.984753 -72.366845 -46.173586 7.896363 -169.278181 1.915753 49.164164 60.903183 14.324888 7.342519 -15.187801 -45.931482 -132.273181 -74.476967 -32.750325 31.462500 158.344814 36.968050 50.411260 43.449383 23.109176 17.085001 -3.153544 -30.147356 139.882730 62.189450 4.505534 -33.882712 -152.799624 24.133428 -58.065094 -39.537600 5.127171 -26.416935 24.997913 -45.607815 93.527353 32.028150 -5.843675 -34.697695 -121.597873 70.261480 -44.796113 -47.791638 16.201498 -18.389595 48.539915 -25.273191 34.428079 15.499064 -24.430277 -23.557356 22.576961 60.492410 53.300798 -34.622492 23.800279 -5.089201 
-0.181250 0.147757 1.373421 0.823658 -3.654739 -0.100065 -0.613941 1.227882 -0.064426 13.673928 1.297511 -5.851716 8.647643 -5.189590 -12.195262 10.530661 -7.655474 -1.412895 12.789181 -14.341501 -1.051259 -3.017752 -10.066385 12.682334 -19.575266 -0.904179 -1.886844 -22.489310 25.236428 -13.181928 31.260935 49.119469 -9.742660 -3.705392 -1.089192 145.689873 79.931658 4.568419 -22.680154 -124.020386 -13.015085 -58.275778 -38.512879 -13.486420 -31.379760 -62.256180 42.514932 65.024986 89.000041 -31.043137 18.962864 -68.061872 -8.122983 -66.556138 30.939065 12.768901 -38.084851 -9.232190 -6.675405 -21.472901 55.521974 -8.573715 -20.816076 -32.074267 36.826415 42.199181 -71.295938 19.849667 2.384575 -89.647753 52.609237 39.104075 -12.594882 16.351495 -49.654635 51.317230 -64.583527 10.206807 27.158850 -15.324570 -7.342369 63.654653 71.059475 -106.803782 -43.411226 -33.336992 -48.310832 146.884674 -36.820016 10.296254 50.177594 0.364327 10.870782 28.574904 2.629647 -123.493301 -72.407205 -46.183090 7.930232 -169.402623 1.975499 49.179964 60.811369 14.318954 7.328839 -11.421571 -43.648120 -134.263146 -74.367949 -32.737804 31.343980 162.508741 35.612245 52.764397 46.062260 24.117886 18.106013 -2.777591 -32.557684 140.152077 62.270593 4.451856 -33.979704 -152.361145 24.272654 -57.372814 -39.305123 5.085610 -26.035104 26.653891 -47.497574 92.168730 32.127504 -6.029387 -34.915575 -118.924206 70.265993 -41.605522 -47.223619 16.029253 -17.758401 47.822192 -25.341581 35.448545 15.526086 -23.830382 -23.612762 23.368136 61.928612 53.077524 -35.449432 24.311663 -6.129663 
-0.183733 0.147757 1.392233 0.823658 -3.654739 -0.100065 -0.793801 1.228276 -0.253191 13.829746 1.297777 -5.800767 9.205500 -5.373595 -12.308920 10.609108 -7.658058 -1.407964 12.837555 -14.270084 -1.034294 -2.931050 -10.141607 12.707085 -19.572623 -0.995995 -1.843287 -22.489311 25.236428 -13.181928 31.260935 49.119469 -9.742660 -3.388835 1.322443 144.067966 79.965959 4.580865 -22.641826 -123.542427 -13.102177 -57.738800 -38.456294 -13.595728 -30.783900 -61.025067 42.468962 65.477809 89.002935 -31.056913 18.995916 -68.061872 -8.122983 -66.556138 30.939065 12.768901 -38.084851 -10.159269 -7.043490 -22.125743 55.529511 -8.367946 -20.333693 -32.586886 36.595595 42.832248 -71.611580 19.119738 2.350272 -90.946030 51.285937 38.493291 -12.908448 17.030680 -50.099910 50.198697 -62.541944 12.775689 26.319766 -14.495555 -5.832698 62.977490 68.545566 -109.775423 -43.091890 -32.931399 -48.263695 150.257517 -37.772998 8.332146 52.018146 0.048591 10.586110 27.772533 0.604171 -125.024913 -72.482756 -46.200930 7.994022 -169.626897 2.084106 49.209082 60.645436 14.308164 7.304130 -8.258076 -41.251174 -135.663239 -74.244631 -32.725106 31.213802 166.139553 34.268900 54.728874 48.441265 25.005303 19.032468 -2.320034 -34.965814 140.317584 62.366401 4.388707 -34.094188 -151.841755 24.428804 -56.551496 -39.030422 5.034432 -25.583519 28.526832 -49.284931 90.577037 32.233900 -6.230871 -35.149497 -115.962527 70.229504 -38.075514 -46.590005 15.829463 -17.064064 47.124385 -25.311113 36.444304 15.552962 -23.227242 -23.665326 24.188897 63.349505 52.889464 -36.276724 24.801838 -7.174172 
-0.186216 0.147757 1.411052 0.823658 -3.654739 -0.100065 -0.973731 1.228237 -0.441996 13.985571 1.297745 -5.749857 9.763758 -5.556343 -12.425427 10.687542 -7.660663 -1.402996 12.885945 -14.198652 -1.017301 -2.844419 -10.216849 12.731840 -19.570078 -1.087782 -1.799629 -22.489311 25.236428 -13.181928 31.260935 49.119470 -9.742661 -2.988475 3.692603 142.512015 80.004659 4.594886 -22.598542 -122.982725 -13.205325 -57.108534 -38.389924 -13.720123 -30.084056 -59.796750 42.402783 65.944604 89.005826 -31.070544 19.028969 -68.061872 -8.122983 -66.556138 30.939065 12.768901 -38.084851 -11.082714 -7.422082 -22.773149 55.538822 -8.162189 -19.851544 -33.101019 36.369398 43.465810 -71.918705 18.388701 2.325030 -92.227964 49.890914 37.934034 -13.224355 17.698068 -50.543471 49.297685 -60.410249 15.176916 25.474204 -13.619070 -4.284093 62.194648 66.131196 -112.806172 -42.790436 -32.548198 -48.209784 153.389505 -38.558050 6.462850 53.679959 -0.227817 10.313000 26.941289 -1.354579 -126.508427 -72.589153 -46.225974 8.084576 -169.945859 2.239104 49.249571 60.411774 14.292850 7.269393 -5.756857 -38.910999 -136.520102 -74.112962 -32.712554 31.077531 169.100252 33.049611 56.255142 50.456530 25.739900 19.795808 -1.791137 -37.267585 140.359763 62.473309 4.318566 -34.221880 -151.261977 24.591462 -55.633341 -38.725248 4.974955 -25.081353 30.535912 -50.851989 88.821767 32.341622 -6.436147 -35.388941 -112.881615 70.139874 -34.404866 -45.923469 15.610803 -16.342154 46.465664 -25.179117 37.386191 15.577402 -22.635196 -23.711451 25.030406 64.693047 52.758818 -37.060523 25.252583 -8.175827 
-0.188699 0.147757 1.429864 0.823658 -3.654739 -0.100065 -1.153619 1.228276 -0.630784 14.141308 1.297660 -5.699956 10.322449 -5.737762 -12.544805 10.765965 -7.663304 -1.397996 12.934479 -14.127130 -1.000360 -2.757806 -10.292084 12.756505 -19.567638 -1.179522 -1.755880 -22.489311 25.236428 -13.181928 31.260935 49.119470 -9.742661 -2.495388 6.158647 140.956920 80.046532 4.610039 -22.551641 -122.317104 -13.317680 -56.354347 -38.305669 -13.858237 -29.245153 -58.570962 42.317574 66.425383 89.008722 -31.084309 19.062026 -68.061872 -8.122983 -66.556138 30.939065 12.768901 -38.084851 -12.002649 -7.810839 -23.414769 55.549749 -7.956494 -19.369596 -33.616886 36.147717 44.100266 -72.217458 17.656486 2.308685 -93.538612 48.371263 37.413582 -13.542675 18.350626 -50.985217 48.549845 -58.066858 17.561032 24.576621 -12.639384 -2.603288 61.306369 63.668770 -116.025070 -42.485864 -32.161347 -48.145557 156.449648 -39.237273 4.598334 55.260910 -0.484234 10.037350 26.034816 -3.330463 -127.995523 -72.729631 -46.258892 8.204084 -170.367031 2.443480 49.301154 60.101052 14.272266 7.223291 -3.590192 -36.489136 -137.040255 -73.974835 -32.699485 30.935679 171.739583 31.869343 57.558742 52.312575 26.397902 20.495278 -1.151168 -39.561767 140.267230 62.595107 4.239060 -34.367278 -150.598428 24.762884 -54.580414 -38.378328 4.903963 -24.509811 32.795671 -52.300651 86.804833 32.459101 -6.659075 -35.648871 -109.577294 69.969115 -30.458581 -45.202050 15.364157 -15.560174 45.834052 -24.942641 38.294200 15.603094 -22.041925 -23.756534 25.906272 66.031072 52.667493 -37.851297 25.688109 -9.184504 
-0.191181 0.147757 1.448675 0.823658 -3.654739 -0.100065 -1.329040 1.250999 -0.770387 14.291207 1.287202 -5.702374 10.881589 -5.917818 -12.667040 10.844379 -7.665889 -1.393038 12.982975 -14.055710 -0.983439 -2.671219 -10.367359 12.781296 -19.565264 -1.271264 -1.712122 -22.489311 25.236428 -13.181928 31.260935 49.119470 -9.742661 -1.926972 8.571599 139.444070 80.093539 4.626981 -22.499080 -121.569524 -13.451080 -55.506836 -38.212663 -14.012106 -28.299444 -57.363522 42.158437 66.906598 89.011463 -31.098074 19.095113 -68.061872 -8.122983 -66.556138 30.939065 12.768901 -38.084851 -12.917475 -8.242841 -24.093961 55.562504 -7.750933 -18.887863 -34.134289 35.930677 44.735344 -72.508155 16.923215 2.301025 -94.820827 46.704741 36.989320 -13.854120 18.970955 -51.412707 47.980728 -55.572472 19.862900 23.661624 -11.582726 -0.841600 60.248048 61.303777 -119.389444 -42.205235 -31.803969 -48.080311 159.260820 -39.783971 2.856666 56.681737 -0.707996 9.779800 25.095732 -5.231090 -129.465911 -72.900266 -46.298122 8.347608 -170.874965 2.690195 49.362025 59.727279 14.247192 7.167991 -1.775300 -34.143692 -137.318408 -73.836982 -32.687139 30.796301 173.952191 30.806400 58.602865 53.914712 26.953279 21.086409 -0.377936 -41.759335 139.961068 62.725038 4.154718 -34.522325 -149.880816 24.931380 -53.437386 -38.004464 4.823417 -23.893027 35.258109 -53.529605 84.541447 32.578522 -6.886952 -35.915206 -106.226194 69.719484 -26.445595 -44.457162 15.098739 -14.757130 45.277384 -24.584452 39.069101 15.627989 -21.474119 -23.797397 26.790337 67.299760 52.628052 -38.608928 26.088230 -10.153297 
-0.193664 0.147757 1.467487 0.823658 -3.654739 -0.100065 -1.513377 1.227975 -1.008366 14.452887 1.296361 -5.599311 11.441165 -6.096487 -12.792117 10.922781 -7.668513 -1.387945 13.031538 -13.984158 -0.966439 -2.584742 -10.442607 12.805976 -19.563036 -1.362923 -1.668187 -22.489311 25.236428 -13.181928 31.260935 49.119470 -9.742661 -1.197973 11.136193 138.057954 80.147418 4.646352 -22.438802 -120.699365 -13.621445 -54.521315 -38.108697 -14.190354 -27.195897 -56.137831 42.087283 67.419494 89.014361 -31.111828 19.128174 -68.061872 -8.122983 -66.556138 30.939065 12.768901 -38.084851 -13.831763 -8.618696 -24.680693 55.576984 -7.545466 -18.406280 -34.653206 35.718302 45.371033 -72.791001 16.189020 2.301800 -96.215689 44.941458 36.526255 -14.159244 19.556011 -51.826523 47.557281 -52.742915 22.245727 22.672945 -10.365847 1.131996 59.248843 58.784482 -122.785901 -41.925182 -31.446987 -48.008742 161.971590 -40.247996 1.152758 58.019135 -0.915988 9.523619 24.066385 -7.153778 -130.816394 -73.106381 -46.345209 8.522471 -171.489584 2.990057 49.433440 59.273541 14.216276 7.101087 -0.222304 -31.656557 -137.261809 -73.704135 -32.675138 30.662469 175.950105 29.794991 59.511186 55.397522 27.455235 21.636739 0.464895 -43.891477 139.611846 62.866393 4.063514 -34.690895 -149.079523 25.102184 -52.147968 -37.584380 4.727877 -23.198879 37.814883 -54.625079 82.220774 32.700683 -7.125380 -36.190681 -102.670709 69.381981 -22.180627 -43.641198 14.796445 -13.895296 44.703101 -24.133340 39.932645 15.650503 -20.892300 -23.832154 27.766738 68.556974 52.665874 -39.357939 26.473408 -11.126418 
-0.196148 0.147757 1.486306 0.823658 -3.654739 -0.100065 -1.693301 1.227735 -1.197126 14.608778 1.295147 -5.548575 12.001256 -6.273722 -12.920034 11.001168 -7.671133 -1.382805 13.080063 -13.912707 -0.949459 -2.498193 -10.517870 12.830589 -19.560901 -1.454574 -1.624255 -22.489311 25.236428 -13.181928 31.260935 49.119470 -9.742661 -0.540285 13.221807 136.953251 80.194820 4.663340 -22.385766 -119.923856 -13.786124 -53.641950 -38.018118 -14.349416 -26.208987 -54.932639 41.941637 67.930414 89.017181 -31.125649 19.161259 -68.061872 -8.122983 -66.556138 30.939065 12.768901 -38.084851 -14.740912 -9.037557 -25.304797 55.593186 -7.340142 -17.924916 -35.173582 35.510625 46.007350 -73.066181 15.454032 2.310760 -97.339958 43.377988 36.224602 -14.373384 19.943527 -52.112880 47.343397 -50.215805 24.207869 21.836822 -9.265604 2.874237 58.345761 56.746696 -125.662068 -41.715295 -31.178240 -47.952705 164.035365 -40.554456 -0.156255 59.026141 -1.067763 9.327972 23.193778 -8.692365 -131.915941 -73.294833 -46.387921 8.683075 -172.050874 3.265064 49.495074 58.860168 14.187652 7.040349 0.929081 -29.667060 -137.142015 -73.586301 -32.664506 30.544495 177.383689 29.021712 60.128877 56.482273 27.813768 22.020145 1.277682 -45.582028 139.148779 62.985709 3.986997 -34.833108 -148.386373 25.233674 -51.023419 -37.220060 4.640670 -22.595860 40.067111 -55.375673 80.133579 32.803074 -7.323725 -36.419264 -99.766210 69.031329 -18.678913 -42.952631 14.531563 -13.172092 44.287853 -23.673441 40.542841 15.669219 -20.427081 -23.858807 28.589205 69.553357 52.744044 -39.957226 26.771067 -11.904154 
